Article Link,Article Name,DateTime,Site Name
https://news.google.com/articles/CBMiLmh0dHBzOi8vd3d3LmJiYy5jb20vbmV3cy9hcnRpY2xlcy9jbDc3NWtycmc5eW_SATJodHRwczovL3d3dy5iYmMuY29tL25ld3MvYXJ0aWNsZXMvY2w3NzVrcnJnOXlvLmFtcA?hl=en-GB&gl=GB&ceid=GB%3Aen,Amazon plans England's tallest onshore wind turbine,2024-06-19 10:06:20,bbc
https://news.google.com/articles/CBMiMGh0dHBzOi8vd3d3LmJiYy5jb20vcGlkZ2luL2FydGljbGVzL2M5ODg5NXIxNDd2b9IBNGh0dHBzOi8vd3d3LmJiYy5jb20vcGlkZ2luL2FydGljbGVzL2M5ODg5NXIxNDd2by5hbXA?hl=en-GB&gl=GB&ceid=GB%3Aen,"Nvidia: How Nvidia beat Apple, Amazon, Microsoft, odas to become world most valuable company",2024-06-19 10:51:56,bbc
https://news.google.com/articles/CBMiLmh0dHBzOi8vd3d3LmJiYy5jb20vbmV3cy9hcnRpY2xlcy9jZDExajlwOWcwcG_SATJodHRwczovL3d3dy5iYmMuY29tL25ld3MvYXJ0aWNsZXMvY2QxMWo5cDlnMHBvLmFtcA?hl=en-GB&gl=GB&ceid=GB%3Aen,UK Amazon workers to be balloted on union recognition,2024-06-19 05:10:06,bbc
https://news.google.com/articles/CBMiLmh0dHBzOi8vd3d3LmJiYy5jb20vbmV3cy9hcnRpY2xlcy9jMXJybHF6NDQzNG_SATJodHRwczovL3d3dy5iYmMuY29tL25ld3MvYXJ0aWNsZXMvYzFycmxxejQ0MzRvLmFtcA?hl=en-GB&gl=GB&ceid=GB%3Aen,Doorbell camera films Amazon driver taking parcel on doorstep,2024-06-07 07:00:00,bbc
https://news.google.com/articles/CBMiLmh0dHBzOi8vd3d3LmJiYy5jb20vbmV3cy9hcnRpY2xlcy9jNnBwMDNlNTg0bG_SATJodHRwczovL3d3dy5iYmMuY29tL25ld3MvYXJ0aWNsZXMvYzZwcDAzZTU4NGxvLmFtcA?hl=en-GB&gl=GB&ceid=GB%3Aen,Amazon refund Milton Keynes teen who spent £877 on washing powder,2024-06-11 07:00:00,bbc
https://news.google.com/articles/CBMiOGh0dHBzOi8vd3d3LmJiYy5jb20vbmV3cy9hdi93b3JsZC1sYXRpbi1hbWVyaWNhLTY4Mjc1MjQ00gEA?hl=en-GB&gl=GB&ceid=GB%3Aen,Brazil: Rio de Janeiro Carnival brings Amazon rainforest to the streets,2024-02-12 08:00:00,bbc
https://news.google.com/articles/CBMiN2h0dHBzOi8vd3d3LmJiYy5jb20vbmV3cy91ay1lbmdsYW5kLWJpcm1pbmdoYW0tNjYwNDQ4MDjSATtodHRwczovL3d3dy5iYmMuY29tL25ld3MvdWstZW5nbGFuZC1iaXJtaW5naGFtLTY2MDQ0ODA4LmFtcA?hl=en-GB&gl=GB&ceid=GB%3Aen,Rugeley's Amazon site to close as new centre reopens,2023-06-29 07:00:00,bbc
https://news.google.com/articles/CBMiKmh0dHBzOi8vd3d3LmJiYy5jb20vbmV3cy91ay13YWxlcy02NzQ4OTY4MdIBLmh0dHBzOi8vd3d3LmJiYy5jb20vbmV3cy91ay13YWxlcy02NzQ4OTY4MS5hbXA?hl=en-GB&gl=GB&ceid=GB%3Aen,Michael Sheen to play Prince Andrew in Amazon series,2023-11-21 08:00:00,bbc
https://news.google.com/articles/CBMiQWh0dHBzOi8vd3d3LmJiYy5jb20vbmV3cy91ay1zY290bGFuZC1lZGluYnVyZ2gtZWFzdC1maWZlLTY2NTIwOTcx0gFFaHR0cHM6Ly93d3cuYmJjLmNvbS9uZXdzL3VrLXNjb3RsYW5kLWVkaW5idXJnaC1lYXN0LWZpZmUtNjY1MjA5NzEuYW1w?hl=en-GB&gl=GB&ceid=GB%3Aen,Former Royal Marine shot by pirate in Amazon,2023-08-16 07:00:00,bbc
https://news.google.com/articles/CBMiLGh0dHBzOi8vd3d3LmJiYy5jb20vbmV3cy90ZWNobm9sb2d5LTY3NDE3MzMw0gEwaHR0cHM6Ly93d3cuYmJjLmNvbS9uZXdzL3RlY2hub2xvZ3ktNjc0MTczMzAuYW1w?hl=en-GB&gl=GB&ceid=GB%3Aen,Amazon latest firm to cut jobs in gaming industry,2023-11-14 08:00:00,bbc
https://news.google.com/articles/CBMiUGh0dHBzOi8vd3d3LmJiYy5jb20vcmVlbC92aWRlby9wMDZ5Y2RscS90aGUtbG9zdC10b3duLWluLXRoZS1oZWFydC1vZi10aGUtYW1hem9u0gEA?hl=en-GB&gl=GB&ceid=GB%3Aen,The lost town in the heart of the Amazon,2019-01-23 18:05:34,bbc
https://news.google.com/articles/CBMiLmh0dHBzOi8vd3d3LmJiYy5jb20vbmV3cy9hcnRpY2xlcy9jNG4xMTR2ZDIyZ2_SATJodHRwczovL3d3dy5iYmMuY29tL25ld3MvYXJ0aWNsZXMvYzRuMTE0dmQyMmdvLmFtcA?hl=en-GB&gl=GB&ceid=GB%3Aen,Amazon World Zoo welcomes 10-month-old red panda,2024-05-15 07:00:00,bbc
https://news.google.com/articles/CBMiKmh0dHBzOi8vd3d3LmJiYy5jb20vbmV3cy9idXNpbmVzcy02NjQwMTIzNtIBLmh0dHBzOi8vd3d3LmJiYy5jb20vbmV3cy9idXNpbmVzcy02NjQwMTIzNi5hbXA?hl=en-GB&gl=GB&ceid=GB%3Aen,Amazon online sales improve despite economy fears,2023-08-03 07:00:00,bbc
https://news.google.com/articles/CBMiWGh0dHBzOi8vd3d3LmJiYy5jb20vZnV0dXJlL2FydGljbGUvMjAyNDAxMTYtdGhlLWRhcmstZWFydGgtcmV2ZWFsaW5nLXRoZS1hbWF6b25zLXNlY3JldHPSAQA?hl=en-GB&gl=GB&ceid=GB%3Aen,The 'dark earth' revealing the Amazon's secrets,2024-01-16 08:00:00,bbc
https://news.google.com/articles/CBMiLGh0dHBzOi8vd3d3LmJiYy5jb20vbmV3cy90ZWNobm9sb2d5LTY3MDA2MzU50gEwaHR0cHM6Ly93d3cuYmJjLmNvbS9uZXdzL3RlY2hub2xvZ3ktNjcwMDYzNTkuYW1w?hl=en-GB&gl=GB&ceid=GB%3Aen,Amazon and Microsoft to face cloud computing competition probe,2023-10-05 07:00:00,bbc
https://news.google.com/articles/CBMiLGh0dHBzOi8vd3d3LmJiYy5jb20vbmV3cy90ZWNobm9sb2d5LTY3MTU2NTg00gEwaHR0cHM6Ly93d3cuYmJjLmNvbS9uZXdzL3RlY2hub2xvZ3ktNjcxNTY1ODQuYW1w?hl=en-GB&gl=GB&ceid=GB%3Aen,"Amazon, Expedia and Trustpilot unite to fight fake reviews",2023-10-19 07:00:00,bbc
https://news.google.com/articles/CBMiLmh0dHBzOi8vd3d3LmJiYy5jb20vbmV3cy9hcnRpY2xlcy9jcDlnN21reTI3bm_SATJodHRwczovL3d3dy5iYmMuY29tL25ld3MvYXJ0aWNsZXMvY3A5Zzdta3kyN25vLmFtcA?hl=en-GB&gl=GB&ceid=GB%3Aen,GMB union to hold ballot at Amazon warehouse,2024-05-01 07:00:00,bbc
https://news.google.com/articles/CBMiQmh0dHBzOi8vd3d3LmJiYy5jb20vbmV3cy91ay1lbmdsYW5kLWNvdmVudHJ5LXdhcndpY2tzaGlyZS02ODIzOTcyMdIBRmh0dHBzOi8vd3d3LmJiYy5jb20vbmV3cy91ay1lbmdsYW5kLWNvdmVudHJ5LXdhcndpY2tzaGlyZS02ODIzOTcyMS5hbXA?hl=en-GB&gl=GB&ceid=GB%3Aen,Amazon staff target Valentine's Day with strike,2024-02-08 08:00:00,bbc
https://news.google.com/articles/CBMiLWh0dHBzOi8vd3d3LmJiYy5jb20vbmV3cy9hdi9idXNpbmVzcy02NzE0OTcxNdIBAA?hl=en-GB&gl=GB&ceid=GB%3Aen,How Amazon uses drones to deliver from the sky,2023-10-18 07:00:00,bbc
https://news.google.com/articles/CBMiM2h0dHBzOi8vd3d3LmJiYy5jb20vbmV3cy91ay1lbmdsYW5kLWh1bWJlci02Njc5NzUwOdIBN2h0dHBzOi8vd3d3LmJiYy5jb20vbmV3cy91ay1lbmdsYW5kLWh1bWJlci02Njc5NzUwOS5hbXA?hl=en-GB&gl=GB&ceid=GB%3Aen,"Amazon's new North Ferriby centre to create up to 2,000 jobs",2023-09-13 07:00:00,bbc
https://news.google.com/articles/CBMiQmh0dHBzOi8vd3d3LmJiYy5jb20vbmV3cy91ay1lbmdsYW5kLWNvdmVudHJ5LXdhcndpY2tzaGlyZS02NzA2ODY1MtIBRmh0dHBzOi8vd3d3LmJiYy5jb20vbmV3cy91ay1lbmdsYW5kLWNvdmVudHJ5LXdhcndpY2tzaGlyZS02NzA2ODY1Mi5hbXA?hl=en-GB&gl=GB&ceid=GB%3Aen,Amazon staff in Coventry to strike on Black Friday in pay row,2023-10-10 07:00:00,bbc
https://news.google.com/articles/CBMiT2h0dHBzOi8vd3d3LmJiYy5jb20vdHJhdmVsL2FydGljbGUvMjAyMzEwMTgtdGhlLWFtYXpvbnMtY29sb3NzYWwtcHJlaGlzdG9yaWMtc2jSAQA?hl=en-GB&gl=GB&ceid=GB%3Aen,The Amazon's colossal prehistoric fish,2023-10-18 07:00:00,bbc
https://news.google.com/articles/CBMiLmh0dHBzOi8vd3d3LmJiYy5jb20vbmV3cy9hcnRpY2xlcy9jbjM5Z3Y5M20yNW_SATJodHRwczovL3d3dy5iYmMuY29tL25ld3MvYXJ0aWNsZXMvY24zOWd2OTNtMjVvLmFtcA?hl=en-GB&gl=GB&ceid=GB%3Aen,Amazon's Rugeley centre 'expected to close in February',2023-09-29 07:00:00,bbc
https://news.google.com/articles/CBMiY2h0dHBzOi8vd3d3LmJiYy5jb20vZnV0dXJlL2FydGljbGUvMjAyNDA1MDMtdGhlLWluZGlnZW5vdXMtd29tZW4tZmlnaHRpbmctbWluaW5nLWluLWVjdWFkb3JzLWFtYXpvbtIBAA?hl=en-GB&gl=GB&ceid=GB%3Aen,Meet the all-female patrol guarding Ecuador's Amazon Rainforest,2024-05-07 07:00:00,bbc
https://news.google.com/articles/CBMiLmh0dHBzOi8vd3d3LmJiYy5jb20vbmV3cy9hcnRpY2xlcy9jbGw1ZHYzMWQybm_SATJodHRwczovL3d3dy5iYmMuY29tL25ld3MvYXJ0aWNsZXMvY2xsNWR2MzFkMm5vLmFtcA?hl=en-GB&gl=GB&ceid=GB%3Aen,Amazon workers in Sutton Coldfield walk out on two-day strike,2024-03-27 07:00:00,bbc
https://news.google.com/articles/CBMiKmh0dHBzOi8vd3d3LmJiYy5jb20vbmV3cy9uZXdzYmVhdC02ODg1NTQyNtIBLmh0dHBzOi8vd3d3LmJiYy5jb20vbmV3cy9uZXdzYmVhdC02ODg1NTQyNi5hbXA?hl=en-GB&gl=GB&ceid=GB%3Aen,Fallout: Could Amazon's show turn TV viewers into gamers?,2024-04-20 07:00:00,bbc
https://news.google.com/articles/CBMiKmh0dHBzOi8vd3d3LmJiYy5jb20vbmV3cy9idXNpbmVzcy02ODI3NzY3ONIBLmh0dHBzOi8vd3d3LmJiYy5jb20vbmV3cy9idXNpbmVzcy02ODI3NzY3OC5hbXA?hl=en-GB&gl=GB&ceid=GB%3Aen,Amazon founder Jeff Bezos sells shares worth over $4bn,2024-02-13 08:00:00,bbc
https://news.google.com/articles/CBMiQmh0dHBzOi8vd3d3LmJiYy5jb20vbmV3cy91ay1lbmdsYW5kLWNvdmVudHJ5LXdhcndpY2tzaGlyZS02ODI3NTMxMtIBRmh0dHBzOi8vd3d3LmJiYy5jb20vbmV3cy91ay1lbmdsYW5kLWNvdmVudHJ5LXdhcndpY2tzaGlyZS02ODI3NTMxMi5hbXA?hl=en-GB&gl=GB&ceid=GB%3Aen,Amazon staff in Coventry walk out on 'Valentine's Day' strike,2024-02-12 08:00:00,bbc
https://news.google.com/articles/CBMiKmh0dHBzOi8vd3d3LmJiYy5jb20vbmV3cy9idXNpbmVzcy02NzEzMjUyN9IBLmh0dHBzOi8vd3d3LmJiYy5jb20vbmV3cy9idXNpbmVzcy02NzEzMjUyNy5hbXA?hl=en-GB&gl=GB&ceid=GB%3Aen,Amazon pledges parcels in an hour using drone deliveries,2023-10-19 07:00:00,bbc
https://news.google.com/articles/CBMiO2h0dHBzOi8vd3d3LmJiYy5jb20vbmV3cy91ay1lbmdsYW5kLWxlaWNlc3RlcnNoaXJlLTY4OTI2NjYy0gE_aHR0cHM6Ly93d3cuYmJjLmNvbS9uZXdzL3VrLWVuZ2xhbmQtbGVpY2VzdGVyc2hpcmUtNjg5MjY2NjIuYW1w?hl=en-GB&gl=GB&ceid=GB%3Aen,'Amazon warehouse' Leicestershire school extension gets green light,2024-04-30 07:00:00,bbc
https://news.google.com/articles/CBMiNWh0dHBzOi8vd3d3LmJiYy5jb20vbmV3cy9zY2llbmNlLWVudmlyb25tZW50LTY3MDIzNzE50gE5aHR0cHM6Ly93d3cuYmJjLmNvbS9uZXdzL3NjaWVuY2UtZW52aXJvbm1lbnQtNjcwMjM3MTkuYW1w?hl=en-GB&gl=GB&ceid=GB%3Aen,Amazon Kuiper: Jeff Bezos joins satellite internet race,2023-10-06 07:00:00,bbc
https://news.google.com/articles/CBMiN2h0dHBzOi8vd3d3LmJiYy5jb20vbmV3cy91ay1lbmdsYW5kLW1hbmNoZXN0ZXItNjYxNzk4MzDSATtodHRwczovL3d3dy5iYmMuY29tL25ld3MvdWstZW5nbGFuZC1tYW5jaGVzdGVyLTY2MTc5ODMwLmFtcA?hl=en-GB&gl=GB&ceid=GB%3Aen,Amazon customer sent Weetabix instead of £500 laptop,2023-07-18 07:00:00,bbc
https://news.google.com/articles/CBMiWWh0dHBzOi8vd3d3LmJiYy5jb20vcmVlbC92aWRlby9wMGIyNHo3Zi90aGUtbWFuLW1hZGUtZ3JlZWstZm9yZXN0LXRoYXQtbWlycm9ycy10aGUtYW1hem9u0gEA?hl=en-GB&gl=GB&ceid=GB%3Aen,The man-made Greek forest that mirrors the Amazon,2021-11-04 23:14:46,bbc
https://news.google.com/articles/CBMiLmh0dHBzOi8vd3d3LmJiYy5jb20vbmV3cy9hcnRpY2xlcy9jNTF6Nzh3anlxZG_SATJodHRwczovL3d3dy5iYmMuY29tL25ld3MvYXJ0aWNsZXMvYzUxejc4d2p5cWRvLmFtcA?hl=en-GB&gl=GB&ceid=GB%3Aen,Amazon Minworth: GMB members announce strike action date,2024-01-09 08:00:00,bbc
https://news.google.com/articles/CBMiKmh0dHBzOi8vd3d3LmJiYy5jb20vbmV3cy9idXNpbmVzcy02Njg4NzcxN9IBLmh0dHBzOi8vd3d3LmJiYy5jb20vbmV3cy9idXNpbmVzcy02Njg4NzcxNy5hbXA?hl=en-GB&gl=GB&ceid=GB%3Aen,Amazon Prime Video content to start including ads next year,2023-09-22 07:00:00,bbc
https://news.google.com/articles/CBMiQGh0dHBzOi8vd3d3LmJiYy5jb20vbmV3cy91ay1lbmdsYW5kLXN0b2tlLXN0YWZmb3Jkc2hpcmUtNjYyMDc3NDXSAURodHRwczovL3d3dy5iYmMuY29tL25ld3MvdWstZW5nbGFuZC1zdG9rZS1zdGFmZm9yZHNoaXJlLTY2MjA3NzQ1LmFtcA?hl=en-GB&gl=GB&ceid=GB%3Aen,Bounce back vow over Amazon's Rugeley closure plan,2023-07-15 07:00:00,bbc
https://news.google.com/articles/CBMiNWh0dHBzOi8vd3d3LmJiYy5jb20vbmV3cy93b3JsZC1sYXRpbi1hbWVyaWNhLTY2ODM1MjEz0gE5aHR0cHM6Ly93d3cuYmJjLmNvbS9uZXdzL3dvcmxkLWxhdGluLWFtZXJpY2EtNjY4MzUyMTMuYW1w?hl=en-GB&gl=GB&ceid=GB%3Aen,Brazil: 14 killed after plane crashes in Amazon,2023-09-16 07:00:00,bbc
https://news.google.com/articles/CBMiPGh0dHBzOi8vd3d3LmJiYy5jb20vbmV3cy91ay1lbmdsYW5kLXNvdXRoLXlvcmtzaGlyZS02ODU2NDg0NdIBQGh0dHBzOi8vd3d3LmJiYy5jb20vbmV3cy91ay1lbmdsYW5kLXNvdXRoLXlvcmtzaGlyZS02ODU2NDg0NS5hbXA?hl=en-GB&gl=GB&ceid=GB%3Aen,Maxons: Sheffield sweet maker drops Amazon in stock row,2024-03-14 07:00:00,bbc
https://news.google.com/articles/CBMiNWh0dHBzOi8vd3d3LmJiYy5jb20vbmV3cy93b3JsZC1sYXRpbi1hbWVyaWNhLTY3NTk3NTY20gE5aHR0cHM6Ly93d3cuYmJjLmNvbS9uZXdzL3dvcmxkLWxhdGluLWFtZXJpY2EtNjc1OTc1NjYuYW1w?hl=en-GB&gl=GB&ceid=GB%3Aen,Quinto Inuma: Peru environmentalist who fought for Amazon shot dead,2023-12-01 08:00:00,bbc
https://news.google.com/articles/CBMiLmh0dHBzOi8vd3d3LmJiYy5jb20vbmV3cy9hcnRpY2xlcy9jeTB6amQ3ZWc0eG_SATJodHRwczovL3d3dy5iYmMuY29tL25ld3MvYXJ0aWNsZXMvY3kwempkN2VnNHhvLmFtcA?hl=en-GB&gl=GB&ceid=GB%3Aen,Netflix and Amazon expand production at Shepperton Studios,2024-03-22 07:00:00,bbc
https://news.google.com/articles/CBMiLmh0dHBzOi8vd3d3LmJiYy5jb20vbmV3cy9hcnRpY2xlcy9jODh6Mm5wOGxuZW_SATJodHRwczovL3d3dy5iYmMuY29tL25ld3MvYXJ0aWNsZXMvYzg4ejJucDhsbmVvLmFtcA?hl=en-GB&gl=GB&ceid=GB%3Aen,Amazon to launch dedicated website for Ireland next year,2024-05-09 07:00:00,bbc
https://news.google.com/articles/CBMiNWh0dHBzOi8vd3d3LmJiYy5jb20vbmV3cy93b3JsZC1sYXRpbi1hbWVyaWNhLTY2NDM1MTY20gE5aHR0cHM6Ly93d3cuYmJjLmNvbS9uZXdzL3dvcmxkLWxhdGluLWFtZXJpY2EtNjY0MzUxNjYuYW1w?hl=en-GB&gl=GB&ceid=GB%3Aen,Carbon credits - land grab or the Amazon’s future?,2023-08-08 07:00:00,bbc
https://news.google.com/articles/CBMiYGh0dHBzOi8vd3d3LmJiYy5jb20vcmVlbC92aWRlby9wMGhjemNsMy9ob3ctdGhlLWFtYXpvbi1iZWNhbWUtYS1zYWZlLWhhdmVuLWZvci1lbnNsYXZlZC1hZnJpY2Fuc9IBAA?hl=en-GB&gl=GB&ceid=GB%3Aen,How the Amazon became a safe-haven for enslaved Africans,2024-02-21 08:00:00,bbc
https://news.google.com/articles/CBMiM2h0dHBzOi8vd3d3LmJiYy5jb20vbmV3cy91ay1lbmdsYW5kLWxvbmRvbi02NjI5MDgxMtIBN2h0dHBzOi8vd3d3LmJiYy5jb20vbmV3cy91ay1lbmdsYW5kLWxvbmRvbi02NjI5MDgxMi5hbXA?hl=en-GB&gl=GB&ceid=GB%3Aen,First Amazon Fresh till-less grocery store in UK closes,2023-07-24 07:00:00,bbc
https://news.google.com/articles/CBMidmh0dHBzOi8vd3d3Lndzai5jb20vYnVzaW5lc3MvbWVkaWEvYW1hem9uLWhhcy11cGVuZGVkLXRoZS1zdHJlYW1pbmctYWQtbWFya2V0LWFuZC1uZXRmbGl4LWlzLXBheWluZy10aGUtcHJpY2UtMjYwYzFiMjbSAQA?hl=en-GB&gl=GB&ceid=GB%3Aen,"Amazon Has Upended the Streaming Ad Market, and Netflix Is Paying the Price",2024-06-14 07:00:00,wsj
https://news.google.com/articles/CBMiUWh0dHBzOi8vd3d3Lndzai5jb20vYnVzaW5lc3MvYW1hem9uLXdlYi1zZXJ2aWNlcy1hd3MtbmV3LWNlby1tYXR0LWdhcm1hbi1lMzc2MmU5ONIBAA?hl=en-GB&gl=GB&ceid=GB%3Aen,The Former Amazon Intern Now Running Its Profit Engine,2024-06-08 07:00:00,wsj
https://news.google.com/articles/CBMibWh0dHBzOi8vd3d3Lndzai5jb20vYnVzaW5lc3MvcmV0YWlsL2FtYXpvbi1maW5lZC1ieS1jYWxpZm9ybmlhLWZvci1mYWlsdXJlLXRvLWRpc2Nsb3NlLXdvcmtlci1xdW90YXMtMTY1NGI3ZWHSAQA?hl=en-GB&gl=GB&ceid=GB%3Aen,Amazon Fined by California for Failure to Disclose Worker Quotas,2024-06-18 18:00:00,wsj
https://news.google.com/articles/CBMiWmh0dHBzOi8vd3d3Lndzai5jb20vdGVjaC9hbWF6b24tdG8taW52ZXN0LWJpbGxpb25zLWluLXRhaXdhbi1jbG91ZC1pbmZyYXN0cnVjdHVyZS0yZTZlOTM1Y9IBAA?hl=en-GB&gl=GB&ceid=GB%3Aen,Amazon to Invest Billions in Taiwan Cloud Infrastructure,2024-06-12 07:00:00,wsj
https://news.google.com/articles/CBMiY2h0dHBzOi8vd3d3Lndzai5jb20vYXJ0aWNsZXMvbGluYS1raGFuLWZ0Yy1hbWF6b24tbGF3c3VpdC1hbWVyaWNhbi1ib29rc2VsbGVycy1hc3NvY2lhdGlvbi1lZjUwNWJlOdIBAA?hl=en-GB&gl=GB&ceid=GB%3Aen,Lina Khan’s Amazon Antitrust Paradox,2024-05-28 07:00:00,wsj
https://news.google.com/articles/CBMicGh0dHBzOi8vd3d3Lndzai5jb20vYXJ0cy1jdWx0dXJlLzYtbW92aWVzLWFuZC1zZXJpZXMtdG8tc3RyZWFtLW9uLWFtYXpvbi1wcmltZS12aWRlby1pbi0yMDIzLWFpcmRpZ2l0YWwtYmQwY2ZjYzDSAQA?hl=en-GB&gl=GB&ceid=GB%3Aen,6 Movies and Series to Stream on Amazon Prime Video in 2023,2023-06-23 07:00:00,wsj
https://news.google.com/articles/CBMigAFodHRwczovL3d3dy53c2ouY29tL2FydGljbGVzL2FtYXpvbi1ob3Blcy10by1kb21pbmF0ZS10aGUtd29ybGQtb2Ytc3RyZWFtaW5nLWFkcy1pdC1mYWNlcy1zb21lLWNoYWxsZW5nZXMtYWxvbmctdGhlLXdheS03MTc2YTdhMtIBAA?hl=en-GB&gl=GB&ceid=GB%3Aen,Amazon Hopes to Dominate the World of Streaming Ads. It Faces Some Challenges Along the Way.,2024-01-22 08:00:00,wsj
https://news.google.com/articles/CBMihQFodHRwczovL3d3dy53c2ouY29tL3BvZGNhc3RzL3RlY2gtbmV3cy1icmllZmluZy90aGUtc2VjcmV0LWFsZ29yaXRobS1hbWF6b24tdXNlZC10by1yYWlzZS1wcmljZXMvZWFjMmNkN2EtMzAwYi00ZTg3LTlhMmMtMTAyODZkNWMwMDgz0gEA?hl=en-GB&gl=GB&ceid=GB%3Aen,The Secret Algorithm Amazon Used to Raise Prices - Tech News Briefing,2023-10-04 07:00:00,wsj
https://news.google.com/articles/CBMigQFodHRwczovL3d3dy53c2ouY29tL3ZpZGVvL2Jhcm5lcy1ub2JsZS1jZW8tYm9va3N0b3Jlcy1lbW90aW9uYWwtZHJhdy1jYW4tY29tcGV0ZS13aXRoLWFtYXpvbi9EMUYzQkE5RC1BQUJBLTRDMzgtOUQzQS00QTJBRDJBQ0RCNjDSAQA?hl=en-GB&gl=GB&ceid=GB%3Aen,Barnes & Noble CEO: Bookstores' Emotional Draw Can Compete With Amazon,2023-11-02 03:58:30,wsj
https://news.google.com/articles/CBMiVWh0dHBzOi8vd3d3Lndzai5jb20vZmluYW5jZS9zdG9ja3MvZ2xvYmFsLXN0b2Nrcy1tYXJrZXRzLWRvdy1uZXdzLTA5LTI2LTIwMjMtNzJjNGQ2NzTSAQA?hl=en-GB&gl=GB&ceid=GB%3Aen,"Stocks Slump Further, With Amazon Lawsuit Adding to Recent Pressure",2023-09-26 07:00:00,wsj
https://news.google.com/articles/CBMiWGh0dHBzOi8vd3d3Lndzai5jb20vd29ybGQvZXVyb3BlL2FtYXpvbi1mYWNlcy1ibGFjay1mcmlkYXktc3RyaWtlcy1pbi11cy1ldXJvcGUtYWFmY2NlM2XSAQA?hl=en-GB&gl=GB&ceid=GB%3Aen,"Amazon Faces Black Friday Strikes in US, Europe",2023-11-24 08:00:00,wsj
https://news.google.com/articles/CBMiogFodHRwczovL3d3dy53c2ouY29tL2xpdmVjb3ZlcmFnZS9jcGktcmVwb3J0LXRvZGF5LWluZmxhdGlvbi1zdG9jay1tYXJrZXQtMDUtMTUtMjAyNC9jYXJkL29uLXRoaXMtZGF5LWluLTE5OTctYW1hem9uLWdvZXMtcHVibGljLW9uLXRoZS1uYXNkYXEtckhKaURCY0JjOU1ucTV2ZzJKS1rSAQA?hl=en-GB&gl=GB&ceid=GB%3Aen,On This Day in 1997: Amazon Goes Public on the Nasdaq,2024-05-15 07:00:00,wsj
https://news.google.com/articles/CBMiWmh0dHBzOi8vd3d3Lndzai5jb20vdGVjaC9hbWF6b24taGlyZXMtZWxvbi1tdXNrcy1zcGFjZXgtZm9yLXRocmVlLXJvY2tldC1sYXVuY2hlcy1hODQwOGY5ZtIBAA?hl=en-GB&gl=GB&ceid=GB%3Aen,Amazon Hires Elon Musk's SpaceX for Three Rocket Launches,2023-12-01 08:00:00,wsj
https://news.google.com/articles/CBMiVWh0dHBzOi8vd3d3Lndzai5jb20vYXJ0aWNsZXMvYW1hem9uLW1vbm9wb2x5LWNvbXBldGl0aW9uLWNhcGl0YWxpc20tYnVzaW5lc3MtNmRjYjk5MDfSAQA?hl=en-GB&gl=GB&ceid=GB%3Aen,Opinion | Government Won't Save You From Amazon,2023-10-08 07:00:00,wsj
https://news.google.com/articles/CBMid2h0dHBzOi8vd3d3Lndzai5jb20vYnVzaW5lc3MvbWVkaWEvbmllbHNlbi13b250LWluY29ycG9yYXRlLWFtYXpvbnMtZGF0YS1vbi10aHVyc2RheS1uaWdodC1mb290YmFsbC12aWV3ZXJzaGlwLTM4ZDY1OGU10gEA?hl=en-GB&gl=GB&ceid=GB%3Aen,Nielsen Won't Incorporate Amazon's Data on 'Thursday Night Football' Viewership,2023-09-07 07:00:00,wsj
https://news.google.com/articles/CBMiRmh0dHBzOi8vd3d3Lndzai5jb20vdGVjaC9haS9hbWF6b24tZ2V0cy1tb3JlLWZ1ZWwtZm9yLWFpLXJhY2UtNmJlNDQ2MDbSAQA?hl=en-GB&gl=GB&ceid=GB%3Aen,Amazon Gets More Fuel for AI Race,2024-05-01 07:00:00,wsj
https://news.google.com/articles/CBMiWWh0dHBzOi8vd3d3Lndzai5jb20vYnV5c2lkZS9zaG9wcGluZy1ob2xpZGF5cy9wcmltZS12aWRlby1zdHJlYW1pbmctYWRkLW9uLWRlYWxzLTkzMTA5OWFm0gEA?hl=en-GB&gl=GB&ceid=GB%3Aen,Streaming Deals: Best Amazon Prime Video Add Ons 2023 - Buy Side from WSJ,2023-07-12 07:00:00,wsj
https://news.google.com/articles/CBMiiwFodHRwczovL3d3dy53c2ouY29tL3ZpZGVvL3Nlcmllcy9zaGlwcGluZy13YXJzL2luc2lkZS1hbWF6b25zLXN0cmF0ZWd5LXRvLXJlZGVmaW5lLWZhc3Qtc2hpcHBpbmctYWdhaW4vNEE2RjBEN0EtMTVERS00Q0VGLTg1MjgtQkRFMjEzQzBGMEFC0gEA?hl=en-GB&gl=GB&ceid=GB%3Aen,"Inside Amazon's Strategy to Redefine Fast Shipping, Again",2023-11-07 08:00:00,wsj
https://news.google.com/articles/CBMic2h0dHBzOi8vd3d3Lndzai5jb20vYXJ0aWNsZXMvYW1hem9uLWlzLXJldml2aW5nLWl0cy1sb2dpc3RpY3MtZXhwYW5zaW9uLWFuZC1yZXNoYXBpbmctaXRzLXUtcy1kaXN0cmlidXRpb24tMzkwNTE2YjLSAQA?hl=en-GB&gl=GB&ceid=GB%3Aen,Amazon Is Reviving Its Logistics Expansion and Reshaping Its U.S. Distribution,2024-05-22 07:00:00,wsj
https://news.google.com/articles/CBMiQmh0dHBzOi8vd3d3Lndzai5jb20vYnVzaW5lc3MvZmVkZXgtYW1hem9uLWRpc2N1c3MtcmV0dXJucy00MzI1YWYzMNIBAA?hl=en-GB&gl=GB&ceid=GB%3Aen,FedEx and Amazon Discussed Partnership as Competition for Returning Packages Intensifies - WSJ,2024-03-18 07:00:00,wsj
https://news.google.com/articles/CBMiigFodHRwczovL3d3dy53c2ouY29tL2xpdmVjb3ZlcmFnZS9zdG9jay1tYXJrZXQtdG9kYXktZG93LWpvbmVzLTA0LTExLTIwMjQvY2FyZC9hbWF6b24tc3RvY2stb24tdHJhY2stZm9yLWFsbC10aW1lLWhpZ2gtY2xkZTNXNDVlTnNDbHJQZmtrdlXSAQA?hl=en-GB&gl=GB&ceid=GB%3Aen,Amazon Stock Logs a Record Close,2024-04-11 07:00:00,wsj
https://news.google.com/articles/CBMibmh0dHBzOi8vd3d3Lndzai5jb20vYnVzaW5lc3MvbG9naXN0aWNzL2FtYXpvbi1yZXN0YXJ0cy1zaGlwcGluZy11bml0LXRoYXQtY29tcGV0ZXMtd2l0aC11cHMtYW5kLWZlZGV4LWRiZGViM2Fh0gEA?hl=en-GB&gl=GB&ceid=GB%3Aen,Amazon Restarts Shipping Unit That Competes With UPS and FedEx,2023-08-18 07:00:00,wsj
https://news.google.com/articles/CBMiWGh0dHBzOi8vd3d3Lndzai5jb20vYXJ0aWNsZXMvdGhlLW1hbnktcGxhY2VzLWFtYXpvbi1jZW8tamVmZi1iZXpvcy1jYWxscy1ob21lLTE1MDcyMDQ0NjLSAQA?hl=en-GB&gl=GB&ceid=GB%3Aen,The Many Places Amazon CEO Jeff Bezos Calls Home,2017-10-05 11:54:56,wsj
https://news.google.com/articles/CBMiaWh0dHBzOi8vd3d3Lndzai5jb20vYXJ0aWNsZXMvYW1hem9ucy1uZXctYXBwcm9hY2gtdG8tc2VsbGluZy1lbnRlcnByaXNlLXNvZnR3YXJlLWluLXBlcnNvbi1kZW1vcy01ZDFjZmQyM9IBAA?hl=en-GB&gl=GB&ceid=GB%3Aen,Amazon's New Approach to Selling Enterprise Software? In-Person Demos,2023-11-10 08:00:00,wsj
https://news.google.com/articles/CBMiZGh0dHBzOi8vd3d3Lndzai5jb20vYnVzaW5lc3MvYXV0b3MvaHl1bmRhaS10by1iZS1maXJzdC1hdXRvbWFrZXItdG8tc2VsbC1uZXctY2Fycy1vbi1hbWF6b24tNDI4NjFjMznSAQA?hl=en-GB&gl=GB&ceid=GB%3Aen,Hyundai to Be First Automaker to Sell New Cars on Amazon,2023-11-16 08:00:00,wsj
https://news.google.com/articles/CBMiVGh0dHBzOi8vd3d3Lndzai5jb20vYnVzaW5lc3MvcmV0YWlsL2FtYXpvbi10aGUtZXZlcnl0aGluZy13YXItZGFuYS1tYXR0aW9saS00OTY2OTE1ZNIBAA?hl=en-GB&gl=GB&ceid=GB%3Aen,Inside Amazon's Push to Crack Trader Joe's—and Dominate Everything,2024-04-13 07:00:00,wsj
https://news.google.com/articles/CBMiSGh0dHBzOi8vd3d3Lndzai5jb20vdGVjaC9hbWF6b24td2ViLXNlcnZpY2VzLWNoaWVmLXRvLXN0ZXAtZG93bi1jYmJlNGQ0N9IBAA?hl=en-GB&gl=GB&ceid=GB%3Aen,Amazon Gets New Cloud-Computing Boss as AI Battle Shakes Up Its Top Profit Engine,2024-05-14 07:00:00,wsj
https://news.google.com/articles/CBMiSGh0dHBzOi8vd3d3Lndzai5jb20vYXJ0aWNsZXMvYW1hem9uLWhhcy1hLWxvdC1vZi1wdW1wcy10by1wcmltZS0zNDM3NjVhZtIBAA?hl=en-GB&gl=GB&ceid=GB%3Aen,Amazon Has a Lot of Pumps to Prime,2023-07-11 07:00:00,wsj
https://news.google.com/articles/CBMiXmh0dHBzOi8vd3d3Lndzai5jb20vYXJ0aWNsZXMvYW1hem9uLWFnZ3JlZ2F0b3ItdGhyYXNpby1lbmdhZ2VzLXJlc3RydWN0dXJpbmctYWR2aXNlcnMtZWQxZjA0NTDSAQA?hl=en-GB&gl=GB&ceid=GB%3Aen,Amazon Aggregator Thrasio Engages Restructuring Advisers - WSJ,2023-09-27 07:00:00,wsj
https://news.google.com/articles/CBMiWGh0dHBzOi8vd3d3Lndzai5jb20vYnV5c2lkZS9zaG9wcGluZy1ob2xpZGF5cy9hbWF6b24tcHJpbWUtZGF5LXN0YWZmLXBpY2tzLTIwMjMtM2YxNjEwYjPSAQA?hl=en-GB&gl=GB&ceid=GB%3Aen,Buy Side Staffers' Favorite Deals On Amazon Prime Day 2023 - Buy Side from WSJ,2023-07-12 07:00:00,wsj
https://news.google.com/articles/CBMib2h0dHBzOi8vd3d3Lndzai5jb20vYXJ0aWNsZXMvZmxleHBvcnRzLWRhdmUtY2xhcmstb24tdGhlLXR1cm4tZnJvbS1hbWF6b24tbG9naXN0aWNzLXRvLWZyZWlnaHQtbWFya2V0cy1iOTdiM2NlNtIBAA?hl=en-GB&gl=GB&ceid=GB%3Aen,Flexport's Dave Clark on the Turn From Amazon Logistics to Freight Markets,2023-06-28 07:00:00,wsj
https://news.google.com/articles/CBMia2h0dHBzOi8vd3d3Lndzai5jb20vYnVzaW5lc3MvbWVkaWEvYW1hem9ucy1wcmltZS12aWRlby1nZXRzLWV4Y2x1c2l2ZS1uZmwtcGxheW9mZi1nYW1lLW5leHQtc2Vhc29uLWY0ODE2YWYx0gEA?hl=en-GB&gl=GB&ceid=GB%3Aen,Amazon's Prime Video Gets Exclusive NFL Playoff Game Next Season - WSJ,2024-02-09 08:00:00,wsj
https://news.google.com/articles/CBMiqAFodHRwczovL3d3dy53c2ouY29tL2xpdmVjb3ZlcmFnZS9zdG9jay1tYXJrZXQtdG9kYXktZG93LWpvbmVzLTA4LTAzLTIwMjMvY2FyZC9hbWF6b24tcmVzdWx0cy13aGF0LXRvLXdhdGNoLXRvbmlnaHQtYWZ0ZXItdGhpcy15ZWFyLXMtNTItc3RvY2stcmFsbHktNXJHbmVJdmxLZWxHODRMcElHTHTSAQA?hl=en-GB&gl=GB&ceid=GB%3Aen,"Amazon Stock Rises After Quarterly Sales, Outlook Beat Estimates",2023-08-03 07:00:00,wsj
https://news.google.com/articles/CBMioQFodHRwczovL3d3dy53c2ouY29tL2xpdmVjb3ZlcmFnZS9mZWQtbWVldGluZy10b2RheS1mb21jLWplcm9tZS1wb3dlbGwtbWF5LTIwMjQvY2FyZC9zdG9ja3MtdG8td2F0Y2gtd2VkbmVzZGF5LWFtYXpvbi1zdGFyYnVja3MtcGludGVyZXN0LWFtZC1CaUxnV1k5am1MYzZFcG5pb2pqatIBAA?hl=en-GB&gl=GB&ceid=GB%3Aen,"Stocks to Watch Wednesday: Starbucks, Pfizer, CVS, Amazon",2024-05-01 07:00:00,wsj
https://news.google.com/articles/CBMicmh0dHBzOi8vd3d3Lndzai5jb20vYXJ0aWNsZXMvYW1hem9uLXdhbnRzLXlvdS10by1wYXktd2l0aC15b3VyLXBhbG0taXRzLWEtc25lYWstYXR0YWNrLW9uLWFwcGxlLWFuZC1nb29nbGUtZThlNDE3YdIBAA?hl=en-GB&gl=GB&ceid=GB%3Aen,Amazon Wants You to Pay With Your Palm. It's a Sneak Attack on Apple and Google.,2023-08-11 07:00:00,wsj
https://news.google.com/articles/CBMinQFodHRwczovL3d3dy53c2ouY29tL2xpdmVjb3ZlcmFnZS9zdG9jay1tYXJrZXQtdG9kYXktZG93LWpvbmVzLWVhcm5pbmdzLTAyLTAyLTIwMjQvY2FyZC9hbWF6b24tYW5kLW1ldGEtaGlnaGxpZ2h0LWhvdy10by1uYXZpZ2F0ZS1haS1oeXBlLVhLYmdwSjlUbzZkODZMQWJoeVpP0gEA?hl=en-GB&gl=GB&ceid=GB%3Aen,Amazon and Meta Highlight How to Navigate AI Hype,2024-02-02 08:00:00,wsj
https://news.google.com/articles/CBMiXGh0dHBzOi8vd3d3Lndzai5jb20vYXJ0aWNsZXMvYW1hem9uLWJ1c2luZXNzLWFjcXVpcmVyLWJlbml0YWdvLWZpbGVzLWZvci1iYW5rcnVwdGN5LWEzOTI2YjVh0gEA?hl=en-GB&gl=GB&ceid=GB%3Aen,Amazon-Business Acquirer Benitago Files for Bankruptcy,2023-08-31 07:00:00,wsj
https://news.google.com/articles/CBMihgFodHRwczovL3d3dy53c2ouY29tL3ZpZGVvL3doeS1zdHVkZW50LXByb3Rlc3RlcnMtd2FudC1jb2x1bWJpYS10by1jdXQtdGllcy13aXRoLWdvb2dsZS1hbmQtYW1hem9uLzlCOUU2RDM1LTQwQkItNDZFNC05RkJELTA0M0Q5NjY4RkQ4QdIBAA?hl=en-GB&gl=GB&ceid=GB%3Aen,Why Student Protesters Want Columbia to Cut Ties With Google and Amazon,2024-05-05 07:00:00,wsj
https://news.google.com/articles/CBMiaGh0dHBzOi8vd3d3Lndzai5jb20vdGVjaC9hbWF6b24taW50cm9kdWNpbmctd2FyZWhvdXNlLW92ZXJoYXVsLXdpdGgtcm9ib3RpY3MtdG8tc3BlZWQtZGVsaXZlcmllcy00MGUzZTY10gEA?hl=en-GB&gl=GB&ceid=GB%3Aen,Amazon Introducing Warehouse Overhaul With Robotics to Speed Deliveries - WSJ,2023-10-18 07:00:00,wsj
https://news.google.com/articles/CBMicWh0dHBzOi8vd3d3Lndzai5jb20vYnVzaW5lc3Mvc2VvdWwtc2VtaWNvbmR1Y3Rvci1maWxlcy1wYXRlbnQtbGF3c3VpdC1hZ2FpbnN0LWFtYXpvbi13aXRoLWV1cm9wZWFuLWNvdXJ0LTUyYzhmZjlh0gEA?hl=en-GB&gl=GB&ceid=GB%3Aen,Seoul Semiconductor Files Patent Lawsuit Against Amazon With European Court,2024-03-05 08:00:00,wsj
https://news.google.com/articles/CBMiQmh0dHBzOi8vd3d3Lndzai5jb20vYnV5c2lkZS9lbGVjdHJvbmljcy9iZXN0LWUtcmVhZGVycy0wMTY1OTEzNzA3N9IBAA?hl=en-GB&gl=GB&ceid=GB%3Aen,"The Best E-Readers for Amazon, Kobo and Other Platforms - Buy Side from WSJ",2024-04-16 07:00:00,wsj
https://news.google.com/articles/CBMiX2h0dHBzOi8vd3d3Lndzai5jb20vYXJ0aWNsZXMvbGF0aW4tYW1lcmljYW4tY291bnRyaWVzLWFpbS10by1jdXJiLWFtYXpvbi1kZWZvcmVzdGF0aW9uLWM0NzljZmQ10gEA?hl=en-GB&gl=GB&ceid=GB%3Aen,Latin American Countries Aim to Curb Amazon Deforestation,2023-08-08 07:00:00,wsj
https://news.google.com/articles/CBMilwFodHRwczovL3d3dy53c2ouY29tL2xpdmVjb3ZlcmFnZS9zdG9jay1tYXJrZXQtdG9kYXktam9icy1yZXBvcnQtMDgtMDQtMjAyMy9jYXJkL3N0b2Nrcy10by13YXRjaC1mcmlkYXktYW1hem9uLWNvbS1hcHBsZS1kcmFmdGtpbmdzLXRaUThxSmNLcWRLYmh4NTB3WEky0gEA?hl=en-GB&gl=GB&ceid=GB%3Aen,"Stocks to Watch Friday: Amazon.com, Apple, Icahn Enterprises, Block",2023-08-04 07:00:00,wsj
https://news.google.com/articles/CBMidWh0dHBzOi8vd3d3Lndzai5jb20vYnVzaW5lc3MvcmV0YWlsL2FtYXpvbi10by1yZW1vdmUtanVzdC13YWxrLW91dC1jaGVja291dC10ZWNobm9sb2d5LWF0LXUtcy1ncm9jZXJ5LXN0b3Jlcy0xMDg2OTU1NdIBAA?hl=en-GB&gl=GB&ceid=GB%3Aen,Amazon to Remove 'Just Walk Out' Checkout Technology at U.S. Grocery Stores,2024-04-02 07:00:00,wsj
https://news.google.com/articles/CBMiSGh0dHBzOi8vd3d3Lndzai5jb20vbGl2ZWNvdmVyYWdlL3N0b2NrLW1hcmtldC10b2RheS1kb3ctam9uZXMtMDktMjUtMjAyM9IBAA?hl=en-GB&gl=GB&ceid=GB%3Aen,"Stock Market Today: Dow, S&P 500 Close Higher; Amazon, Disney Stocks in Focus",2023-09-25 07:00:00,wsj
https://news.google.com/articles/CBMirgFodHRwczovL3d3dy53c2ouY29tL2xpdmVjb3ZlcmFnZS9zdG9jay1tYXJrZXQtdG9kYXktZG93LWpvbmVzLWVhcm5pbmdzLTAyLTIxLTIwMjQvY2FyZC9hbWF6b24taXMtcmVwbGFjaW5nLXdhbGdyZWVucy1pbi10aGUtZG93LWJ1dC1pcy1pdC1hLWJldHRlci1zdG9jay0tVDRld0ZwNWVoc203ek5tU1laUljSAQA?hl=en-GB&gl=GB&ceid=GB%3Aen,"Amazon Is Replacing Walgreens in the Dow, but Is it a Better Stock?",2024-02-21 08:00:00,wsj
https://news.google.com/articles/CBMiWGh0dHBzOi8vd3d3Lndzai5jb20vYnVzaW5lc3MvcmV0YWlsL2FtYXpvbi1pcy1zaHV0dGluZy1kb3duLWl0cy1jbG90aGluZy1zdG9yZXMtMGRjYjk2N2PSAQA?hl=en-GB&gl=GB&ceid=GB%3Aen,Amazon Is Shutting Down Its Clothing Stores,2023-11-02 07:00:00,wsj
https://news.google.com/articles/CBMiiwFodHRwczovL3d3dy53c2ouY29tL3BvZGNhc3RzL3doYXRzLW5ld3Mvd2FsbWFydC1pcy1hbWVyaWNhcy1iaWdnZXN0LXJldGFpbGVyLWJ1dC1hbWF6b24taXMtY2F0Y2hpbmctdXAvMjkxMWRjMGItMzUxOS00ZWM5LWE1YWQtOTZkNjE4NWMyZDg20gEA?hl=en-GB&gl=GB&ceid=GB%3Aen,Walmart Is America’s Biggest Retailer. But Amazon Is Catching Up. - What’s News,2024-05-15 07:00:00,wsj
https://news.google.com/articles/CBMinwFodHRwczovL3d3dy53c2ouY29tL2xpdmVjb3ZlcmFnZS9zdG9jay1tYXJrZXQtdG9kYXktZG93LWpvbmVzLWVhcm5pbmdzLTAyLTIxLTIwMjQvY2FyZC9iZXpvcy1jYXNoZXMtb3V0LTgtNS1iaWxsaW9uLWZyb20tYW1hem9uLXNoYXJlLXNhbGUtWmhaRFlSUjJ0a3R2TXh0bHV1YzHSAQA?hl=en-GB&gl=GB&ceid=GB%3Aen,Bezos Cashes Out $8.5 Billion From Amazon Share Sale,2024-02-21 08:00:00,wsj
https://news.google.com/articles/CBMiY2h0dHBzOi8vd3d3Lndzai5jb20vdGVjaC9haS9hbWF6b24tbGF1bmNoZXMtZnJlZS1haS1jbGFzc2VzLWluLWJpZC10by13aW4tdGFsZW50LWFybXMtcmFjZS1iODgxZDliMdIBAA?hl=en-GB&gl=GB&ceid=GB%3Aen,Amazon Launches Free AI Classes in Bid to Win Talent Arms Race,2023-11-20 08:00:00,wsj
https://news.google.com/articles/CBMiV2h0dHBzOi8vd3d3Lndzai5jb20vdGVjaC9hbWF6b24tYW5kLW1ldGFub3RoaW5nLWFydGlmaWNpYWwtYWJvdXQtdGhlc2UtcmVzdWx0cy1jMjM1MTcxZtIBAA?hl=en-GB&gl=GB&ceid=GB%3Aen,Amazon and Meta—Nothing Artificial About These Results,2024-02-02 08:00:00,wsj
https://news.google.com/articles/CBMiRWh0dHBzOi8vd3d3Lndzai5jb20vYnVzaW5lc3MvYW1hem9uLXZhbnMtb3V0bnVtYmVyLXVwcy1mZWRleC03NTBmM2MwNNIBAA?hl=en-GB&gl=GB&ceid=GB%3Aen,Amazon Tops UPS and FedEx to Become Biggest U.S. Delivery Business,2023-11-27 08:00:00,wsj
https://news.google.com/articles/CBMibGh0dHBzOi8vd3d3Lndzai5jb20vdmlkZW8vaW4taW5kaWEtYW1hem9uLXVyYmFuLXNoZXJwYXMtZGVsaXZlci1ieS1iaWtlL0M5NkQ2OTZDLTU0MDAtNDIwMy04NDFGLUMwNDFEMzcxQzE3MNIBAA?hl=en-GB&gl=GB&ceid=GB%3Aen,"In India, Amazon's Urban Sherpas Deliver by Bike",2023-10-30 19:36:29,wsj
https://news.google.com/articles/CBMiWWh0dHBzOi8vd3d3Lndzai5jb20vYnV5c2lkZS9zaG9wcGluZy1ob2xpZGF5cy9hbWF6b24tc3ByaW5nLXNhbGUtYmVzdC1kZWFscy0yMDI0LThlMWY4ZTE40gEA?hl=en-GB&gl=GB&ceid=GB%3Aen,The Best Amazon Big Spring Sale Deals to Shop Right Now - Buy Side from WSJ,2024-03-20 07:00:00,wsj
https://news.google.com/articles/CBMiiQFodHRwczovL3d3dy53c2ouY29tL3ZpZGVvL3Nlcmllcy90ZWNoLW5ld3MtYnJpZWZpbmcvdGhlLXNlY3JldC1hbGdvcml0aG0tYW1hem9uLXVzZWQtdG8tcmFpc2UtcHJpY2VzL0FGRDcxMDgyLTIxODgtNEJFQy05REU0LTY2QzQ2RkNBQUVEMtIBAA?hl=en-GB&gl=GB&ceid=GB%3Aen,The Secret Algorithm Amazon Used to Raise Prices,2023-10-04 07:00:00,wsj
https://news.google.com/articles/CBMiT2h0dHBzOi8vd3d3Lndzai5jb20vYXJ0aWNsZXMvYW1hem9ucy1wcmltZS1kYXktdG8tdGVzdC1jb25zdW1lci1kZW1hbmQtY2M5NzYyODjSAQA?hl=en-GB&gl=GB&ceid=GB%3Aen,Amazon's Prime Day Tests Consumer Demand - WSJ,2023-07-11 07:00:00,wsj
https://news.google.com/articles/CBMia2h0dHBzOi8vd3d3Lndzai5jb20vYnVzaW5lc3MvYW1hem9uLWZvdW5kZXItamVmZi1iZXpvcy1zZXRzLW1vdmUtdG8tbWlhbWktYWZ0ZXItZGVjYWRlcy1pbi1zZWF0dGxlLTQ0MWZhZThk0gEA?hl=en-GB&gl=GB&ceid=GB%3Aen,Amazon Founder Jeff Bezos to Leave Seattle for Miami,2023-11-03 07:00:00,wsj
https://news.google.com/articles/CBMimwFodHRwczovL3d3dy53c2ouY29tL2xpdmVjb3ZlcmFnZS9zdG9jay1tYXJrZXQtdG9kYXktZWFybmluZ3MtMDQtMjktMjAyNC9jYXJkL2FtYXpvbi1lYXJuaW5ncy1mZWQtcmF0ZS1kZWNpc2lvbi13aGF0LXRvLXdhdGNoLXRoaXMtd2Vlay1oNkJ4ek1yTEFwbktDRTk5ZWczTNIBAA?hl=en-GB&gl=GB&ceid=GB%3Aen,Amazon Earnings; Fed Rate Decision: What to Watch This Week,2024-04-29 07:00:00,wsj
https://news.google.com/articles/CBMiSmh0dHBzOi8vd3d3Lndzai5jb20vYXJ0aWNsZXMvYW1hem9uLWRlbGl2ZXItcHJpbWUtc3BlZWQtcGFja2FnaW5nLWE2MTZhMTM10gEA?hl=en-GB&gl=GB&ceid=GB%3Aen,"Amazon Wants to Deliver Your Order Without a Box, But Neighbors May See Your Snore Strips",2023-08-11 07:00:00,wsj
https://news.google.com/articles/CBMiRmh0dHBzOi8vd3d3Lndzai5jb20vdGVjaC9hbWF6b24tdGlrdG9rLW9ubGluZS1zaG9wcGluZy1yaXZhbHMtNWJmOTAyYzLSAQA?hl=en-GB&gl=GB&ceid=GB%3Aen,Amazon Confronts a New Rival: TikTok - WSJ,2023-10-20 07:00:00,wsj
https://news.google.com/articles/CBMiaGh0dHBzOi8vcGFydG5lcnMud3NqLmNvbS9hd3MvcmVpbnZlbnRpbmctd2l0aC10aGUtY2xvdWQvYW1hem9uLWN0by1zaGFyZXMtaGlzLXRlY2gtcHJlZGljdGlvbnMtZm9yLTIwMjQv0gEA?hl=en-GB&gl=GB&ceid=GB%3Aen,Paid Program: Amazon CTO Shares His Tech Predictions for 2024,2023-12-11 15:45:00,wsj
https://news.google.com/articles/CBMipQFodHRwczovL3d3dy53c2ouY29tL2xpdmVjb3ZlcmFnZS9zdG9jay1tYXJrZXQtdG9kYXktZG93LWpvbmVzLWVhcm5pbmdzLTAxLTE5LTIwMjQvY2FyZC9pcm9ib3Qtc3RvY2stY3Jhc2hlcy1vbi1saWtlbHktZXUtdmV0by1vZi1hbWF6b24tdGFrZW92ZXItajR6U2tpQTFic3c4UjdGSHF4V3fSAQA?hl=en-GB&gl=GB&ceid=GB%3Aen,IRobot Stock Crashes on Likely EU Veto of Amazon Takeover,2024-01-19 08:00:00,wsj
https://news.google.com/articles/CBMiVGh0dHBzOi8vd3d3Lndzai5jb20vYXJ0aWNsZXMvYW1hem9uLWFza2luZy1lbXBsb3llZXMtdG8tcmV0dXJuLXRvLW1haW4taHVicy0zZTJkY2I4OdIBAA?hl=en-GB&gl=GB&ceid=GB%3Aen,"Amazon Is Asking Some Employees to Relocate, Return to 'Main Hub' Offices",2023-07-21 07:00:00,wsj
https://news.google.com/articles/CBMigwFodHRwczovL3d3dy53c2ouY29tL3RlY2gvYWkvYW1hem9uLWNlby1zYXlzLWdlbmVyYXRpdmUtYWktY291bGQtYmUtbGFyZ2VzdC10ZWNobm9sb2dpY2FsLXRyYW5zZm9ybWF0aW9uLXNpbmNlLXRoZS1pbnRlcm5ldC1kYTU3YzY4ZtIBAA?hl=en-GB&gl=GB&ceid=GB%3Aen,Amazon CEO Touts AI Revolution While Committing to Cost Cuts,2024-04-11 07:00:00,wsj
https://news.google.com/articles/CBMiWWh0dHBzOi8vd3d3Lndzai5jb20vYXJ0aWNsZXMvZHV0Y2gtY29uc3VtZXItZ3JvdXAtc3Vlcy1hbWF6b24tb3Zlci1kYXRhLXRyYWNraW5nLTg4ODMwODdi0gEA?hl=en-GB&gl=GB&ceid=GB%3Aen,Dutch Consumer Group Sues Amazon Over Data Tracking,2023-10-18 07:00:00,wsj
https://news.google.com/articles/CBMigwFodHRwczovL3d3dy53c2ouY29tL3RlY2gvZnRjLWFudGl0cnVzdC1zdWl0LWFnYWluc3QtYW1hem9uLXNldC1mb3ItbGF0ZXItdGhpcy1tb250aC1hZnRlci1tZWV0aW5nLWZhaWxzLXRvLXJlc29sdmUtaW1wYXNzZS1jODg4NzAwZtIBAA?hl=en-GB&gl=GB&ceid=GB%3Aen,FTC Antitrust Suit Against Amazon Set for Later This Month After Meeting Fails to Resolve Impasse,2023-09-05 07:00:00,wsj
https://news.google.com/articles/CBMiR2h0dHBzOi8vd3d3Lndzai5jb20vdGVjaC93aHktYW1hem9uLWFuZC1udmlkaWEtbmVlZC1lYWNoLW90aGVyLTdjMmI2MTJk0gEA?hl=en-GB&gl=GB&ceid=GB%3Aen,Why Amazon and Nvidia Need Each Other,2023-11-29 08:00:00,wsj
https://news.google.com/articles/CBMiWmh0dHBzOi8vd3d3Lndzai5jb20vdGVjaC9hbWF6b24tbG9naXN0aWNzLWV4ZWN1dGl2ZS1qb2huLWZlbHRvbi10by1iZWNvbWUtYXdzLWNmby0yOWMwN2RhZtIBAA?hl=en-GB&gl=GB&ceid=GB%3Aen,Amazon Logistics Executive John Felton to Become AWS CFO,2024-01-18 08:00:00,wsj
https://news.google.com/articles/CBMikQFodHRwczovL3d3dy53c2ouY29tL3BvZGNhc3RzL3RlY2gtbmV3cy1icmllZmluZy9pbnNpZGUtYW1hem9ucy1zZWNyZXQtcHJvamVjdC10by1nYXRoZXItaW50ZWwtb24tY29tcGV0aXRvcnMvNGIwNDNiMzEtZTQwNi00OTQ0LWJlMTQtODcwYWI0MjgyM2U30gEA?hl=en-GB&gl=GB&ceid=GB%3Aen,Inside Amazon’s Secret Project to Gather Intel on Competitors - Tech News Briefing,2024-04-18 07:00:00,wsj
https://news.google.com/articles/CBMitwFodHRwczovL3d3dy53c2ouY29tL2xpdmVjb3ZlcmFnZS9zdG9jay1tYXJrZXQtdG9kYXktZG93LWpvbmVzLWVhcm5pbmdzLTAyLTAyLTIwMjQvY2FyZC9tZXRhLXN0b2NrLXN1cmdlcy1hbWF6b24tZ2FpbnMtYW5kLWFwcGxlLXNsaXBzLWFmdGVyLWJpZy10ZWNoLWVhcm5pbmdzLXJ1c2gtRTNQeW1HNjNZT1lmc2VGTEkyYWTSAQA?hl=en-GB&gl=GB&ceid=GB%3Aen,"Meta Stock Surges to Record, Amazon Gains After Big-Tech Earnings Rush",2024-02-02 08:00:00,wsj
https://news.google.com/articles/CBMifWh0dHBzOi8vd3d3Lndzai5jb20vYnVzaW5lc3MvbWVkaWEvZ2FtZXMtd29ya3Nob3AtYWdyZWVzLXRvLXdhcmhhbW1lci1maWxtLXRlbGV2aXNpb24tc2VyaWVzLWRldmVsb3BtZW50LXdpdGgtYW1hem9uLTYwZjBhMGJi0gEA?hl=en-GB&gl=GB&ceid=GB%3Aen,Games Workshop Strikes Deal With Amazon to Bring Warhammer Universe to Screens,2023-12-18 08:00:00,wsj
https://news.google.com/articles/CBMiqQFodHRwczovL3d3dy53c2ouY29tL2xpdmVjb3ZlcmFnZS9zYW0tYmFua21hbi1mcmllZC10cmlhbC10ZXN0aW1vbnktZnR4L2NhcmQvYmFua21hbi1mcmllZC1oaXJlZC1wcml2YXRlLXBsYW5lcy10by1mbHktYW1hem9uLXBhY2thZ2VzLXRvLXRoZS1iYWhhbWFzLVNPR1Y2MFRrdWhDUElrTDJDM3FS0gEA?hl=en-GB&gl=GB&ceid=GB%3Aen,Bankman-Fried Hired Private Planes to Fly Amazon Packages to The Bahamas,2023-10-31 07:00:00,wsj
https://news.google.com/articles/CBMiY2h0dHBzOi8vd3d3Lndzai5jb20vdGVjaC9hbWF6b24tdG8taW52ZXN0LTktYmlsbGlvbi1tb3JlLWluLXNpbmdhcG9yZS1jbG91ZC1pbmZyYXN0cnVjdHVyZS00YzUyZTc3NdIBAA?hl=en-GB&gl=GB&ceid=GB%3Aen,Amazon to Invest $9 Billion in Singapore Cloud Infrastructure,2024-05-07 07:00:00,wsj
https://news.google.com/articles/CBMiUmh0dHBzOi8vd3d3Lndzai5jb20vYnVzaW5lc3MvZWFybmluZ3MvYW1hem9uLWFtem4tcTEtZWFybmluZ3MtcmVwb3J0LTIwMjQtODViZjAwYjHSAQA?hl=en-GB&gl=GB&ceid=GB%3Aen,Amazon Sales Surge as Company Focuses on AI,2024-04-30 07:00:00,wsj
https://news.google.com/articles/CBMieWh0dHBzOi8vd3d3Lndzai5jb20vYnVzaW5lc3MvcmV0YWlsL3RhcmdldC1sYXVuY2hlcy1wYWlkLWNpcmNsZS1tZW1iZXJzaGlwLXNlZS1ob3ctaXQtY29tcGFyZXMtd2l0aC1hbWF6b24tcHJpbWUtOTdmN2ZkM2XSAQA?hl=en-GB&gl=GB&ceid=GB%3Aen,How Target Circle 360 Compares With Amazon Prime and Walmart+,2024-03-05 08:00:00,wsj
https://news.google.com/articles/CBMiTmh0dHBzOi8vd3d3Lndzai5jb20vYnVzaW5lc3MvcmV0YWlsL2FtYXpvbi1zaGVpbi10ZW11LW9ubGluZS1zaG9wcGluZy03Mjc1NzBlYdIBAA?hl=en-GB&gl=GB&ceid=GB%3Aen,Amazon's New Challenge: Bargain Retailers That Are Playing a Different Game,2023-09-22 07:00:00,wsj
https://news.google.com/articles/CBMicmh0dHBzOi8vd3d3Lndzai5jb20vaGVhbHRoL2hlYWx0aGNhcmUvd2hlcmUtdGhlLWV4ZWN1dGl2ZS13aG8tc29sZC1vbmUtbWVkaWNhbC10by1hbWF6b24tdHVybnMtZm9yLWFkdmljZS1hNzEyNWNiMNIBAA?hl=en-GB&gl=GB&ceid=GB%3Aen,Where the Executive Who Sold One Medical to Amazon Turns for Advice,2023-12-15 08:00:00,wsj
https://news.google.com/articles/CBMiZ2h0dHBzOi8vd3d3Lndzai5jb20vYXJ0aWNsZXMvYW1hem9uLWRlYnV0cy1jeWJlci1pbnN1cmFuY2UtcHJvZ3JhbS1mb3Itc3BlZWR5LXBvbGljeS1lc3RpbWF0ZXMtNWZlZGYwNTHSAQA?hl=en-GB&gl=GB&ceid=GB%3Aen,Amazon Debuts Cyber Insurance Program for Speedy Policy Estimates,2023-11-29 08:00:00,wsj
https://news.google.com/articles/CBMiV2h0dHBzOi8vd3d3Lm55dGltZXMuY29tLzIwMjQvMDYvMjIvdGVjaG5vbG9neS9uZXRmbGl4LWFtYXpvbi1kaXNuZXktc29ueS1zdHJlYW1pbmcuaHRtbNIBAA?hl=en-GB&gl=GB&ceid=GB%3Aen,"The Future of Netflix, Amazon and Other Streaming Services",2024-06-22 14:19:05,nytimes
https://news.google.com/articles/CBMiT2h0dHBzOi8vd3d3Lm55dGltZXMuY29tLzIwMjQvMDYvMjAvY2xpbWF0ZS9hbWF6b24tcGxhc3RpYy1zaGlwcGluZy1waWxsb3dzLmh0bWzSAQA?hl=en-GB&gl=GB&ceid=GB%3Aen,Amazon Says It Will Stop Using Puffy Plastic Shipping Pillows,2024-06-20 21:49:52,nytimes
https://news.google.com/articles/CBMiSmh0dHBzOi8vd3d3Lm55dGltZXMuY29tL2F0aGxldGljLzU1NDQ0MDAvMjAyNC8wNi8wNi9uaGwtc2hvdy1hbWF6b24tcHJpbWUv0gEA?hl=en-GB&gl=GB&ceid=GB%3Aen,NHL puts its stars front and center in Amazon docu-series set to debut in October,2024-06-06 07:00:00,nytimes
https://news.google.com/articles/CBMiVWh0dHBzOi8vd3d3Lm55dGltZXMuY29tLzIwMjQvMDYvMTgvYnVzaW5lc3MvZWNvbm9teS9hbWF6b24tbGFib3ItdW5pb24tdGVhbXN0ZXJzLmh0bWzSAQA?hl=en-GB&gl=GB&ceid=GB%3Aen,How the Teamsters and a Homegrown Union Plan to Take On Amazon,2024-06-18 09:03:15,nytimes
https://news.google.com/articles/CBMiUWh0dHBzOi8vd3d3Lm55dGltZXMuY29tLzIwMjQvMDYvMTgvbW92aWVzL2ZpbG0taW5qdXJ5LWFtYXpvbi1jYW5keS1jYW5lLWxhbmUuaHRtbNIBAA?hl=en-GB&gl=GB&ceid=GB%3Aen,"Film Crew Veteran, Injured in an Accident, Faults Amazon for His Pain",2024-06-18 09:00:41,nytimes
https://news.google.com/articles/CBMiXWh0dHBzOi8vd3d3Lm55dGltZXMuY29tLzIwMjQvMDYvMTgvYnVzaW5lc3MvZWNvbm9teS9hbWF6b24tY2FsaWZvcm5pYS1wcm9kdWN0aXZpdHktcXVvdGEuaHRtbNIBAA?hl=en-GB&gl=GB&ceid=GB%3Aen,Amazon Is Fined Nearly $6 Million Over Warehouse Work Quotas,2024-06-18 22:49:39,nytimes
https://news.google.com/articles/CBMibGh0dHBzOi8vd3d3Lm55dGltZXMuY29tLzIwMjQvMDYvMTEvd29ybGQvYW1lcmljYXMvbm8tYS1yZW1vdGUtYW1hem9uLXRyaWJlLWRpZC1ub3QtZ2V0LWFkZGljdGVkLXRvLXBvcm4uaHRtbNIBAA?hl=en-GB&gl=GB&ceid=GB%3Aen,"No, a Remote Amazon Tribe Did Not Get Addicted to Porn",2024-06-14 07:00:00,nytimes
https://news.google.com/articles/CBMif2h0dHBzOi8vd3d3Lm55dGltZXMuY29tL3ZpZGVvL3dvcmxkL2FtZXJpY2FzLzEwMDAwMDAwOTQ5NDExNC9ob3ctaW50ZXJuZXQtYWNjZXNzLWlzLXRyYW5zZm9ybWluZy1saWZlLWluLXRoaXMtYW1hem9uLXRyaWJlLmh0bWzSAQA?hl=en-GB&gl=GB&ceid=GB%3Aen,Video: How Internet Access Is Transforming Life in This Amazon Tribe,2024-06-02 07:00:00,nytimes
https://news.google.com/articles/CBMiT2h0dHBzOi8vd3d3Lm55dGltZXMuY29tLzIwMjQvMDUvMjcvYnVzaW5lc3MvZWNvbm9teS9hbWF6b24tZmVkZXgtdXBzLXVuaW9uLmh0bWzSAQA?hl=en-GB&gl=GB&ceid=GB%3Aen,Teamsters Struggle to Unionize Amazon and FedEx Delivery Workers,2024-05-27 07:00:00,nytimes
https://news.google.com/articles/CBMiXmh0dHBzOi8vd3d3Lm55dGltZXMuY29tL2F0aGxldGljLzU1MDg5NTQvMjAyNC8wNS8yNi9uZXRmbGl4LW5mbC1zdHJlYW1pbmctYXBwbGUtYW1hem9uLWRpc25leS_SAQA?hl=en-GB&gl=GB&ceid=GB%3Aen,"Why Netflix has joined Apple, Amazon, Disney and other streamers in the battle for live sport",2024-05-25 07:00:00,nytimes
https://news.google.com/articles/CBMiV2h0dHBzOi8vd3d3Lm55dGltZXMuY29tLzIwMjQvMDYvMDEvYXJ0cy90ZWxldmlzaW9uL2p1bmUtc3RzcmVhbWluZy1tb3ZpZXMtdHYtc2hvd3MuaHRtbNIBAA?hl=en-GB&gl=GB&ceid=GB%3Aen,"The Best Movies and TV Shows Coming to Amazon, AMC+, Disney+, Hulu, and More in June",2024-06-01 07:00:00,nytimes
https://news.google.com/articles/CBMiT2h0dHBzOi8vd3d3Lm55dGltZXMuY29tLzIwMjMvMDkvMjYvdGVjaG5vbG9neS9hbWF6b24tZnRjLWxhd3N1aXQtYW50aXRydXN0Lmh0bWzSAQA?hl=en-GB&gl=GB&ceid=GB%3Aen,"Here Are the 2 Tactics Amazon Used to Undermine Competition, the F.T.C. Says",2023-09-26 07:00:00,nytimes
https://news.google.com/articles/CBMiS2h0dHBzOi8vd3d3Lm55dGltZXMuY29tLzIwMjMvMDcvMTIvd29ybGQvZXVyb3BlL3VrLXVrcmFpbmUtYmVuLXdhbGxhY2UuaHRtbNIBAA?hl=en-GB&gl=GB&ceid=GB%3Aen,'We're Not Amazon': Britain's Defense Minister Says Ukrainian Officials Should Show More Gratitude,2023-07-13 07:00:00,nytimes
https://news.google.com/articles/CBMiT2h0dHBzOi8vd3d3Lm55dGltZXMuY29tLzIwMjMvMDgvMzEvbW92aWVzL2FkYW0tZHJpdmVyLXZlbmljZS1maWxtLWZlc3RpdmFsLmh0bWzSAQA?hl=en-GB&gl=GB&ceid=GB%3Aen,Venice Film Festival: Adam Driver Calls Out Netflix and Amazon Amid Strikes,2023-08-31 07:00:00,nytimes
https://news.google.com/articles/CBMiSGh0dHBzOi8vd3d3Lm55dGltZXMuY29tLzIwMjMvMTEvMDQvdGVjaG5vbG9neS9hbWF6b24tZHJvbmUtZGVsaXZlcnkuaHRtbNIBAA?hl=en-GB&gl=GB&ceid=GB%3Aen,"Look, Up in the Sky! Amazon’s Drones Are Delivering Cans of Soup!",2023-11-04 07:00:00,nytimes
https://news.google.com/articles/CBMiXmh0dHBzOi8vd3d3Lm55dGltZXMuY29tL2F0aGxldGljLzUxMDQzNDYvMjAyMy8xMi8wMS9qZWZmLXN0ZWxsaW5nLWFtYXpvbi1wcmltZS1wcmVtaWVyLWxlYWd1ZS_SAQA?hl=en-GB&gl=GB&ceid=GB%3Aen,Jeff Stelling to make broadcast return hosting Amazon Prime's Premier League coverage - The Athletic,2023-12-01 08:00:00,nytimes
https://news.google.com/articles/CBMiQmh0dHBzOi8vd3d3Lm55dGltZXMuY29tLzIwMjQvMDIvMDEvdGVjaG5vbG9neS9hbWF6b24tZWFybmluZ3MuaHRtbNIBAA?hl=en-GB&gl=GB&ceid=GB%3Aen,"Amazon Introduces Rufus, an AI Shopping Tool, and Reports Earnings",2024-02-04 08:00:00,nytimes
https://news.google.com/articles/CBMiVWh0dHBzOi8vd3d3Lm55dGltZXMuY29tLzIwMjMvMTEvMjQvYnVzaW5lc3MvcmV0YWlsLXdvcmtlcnMtYmxhY2stZnJpZGF5LXNob3BwaW5nLmh0bWzSAQA?hl=en-GB&gl=GB&ceid=GB%3Aen,"How Workers for Amazon, Target and More Make Your Shopping Possible",2023-12-04 08:00:00,nytimes
https://news.google.com/articles/CBMiNWh0dHBzOi8vd3d3Lm55dGltZXMuY29tL3Nwb3RsaWdodC9hbWF6b24tcHJpbWU_cGFnZT0z0gEA?hl=en-GB&gl=GB&ceid=GB%3Aen,Amazon Prime Video - Page 3,2023-11-14 05:51:48,nytimes
https://news.google.com/articles/CBMiW2h0dHBzOi8vd3d3Lm55dGltZXMuY29tLzIwMjMvMDgvMjUvd29ybGQvYW1lcmljYXMvamFpci1jYW5kb3ItYW1hem9uLXRyaWJlcy1pbmRpZ2Vub3VzLmh0bWzSAQA?hl=en-GB&gl=GB&ceid=GB%3Aen,Jair Candor Tracks Brazil’s Amazon Tribes From the Shadows,2023-09-01 07:00:00,nytimes
https://news.google.com/articles/CBMiVWh0dHBzOi8vd3d3Lm55dGltZXMuY29tLzIwMjMvMTIvMTkvYXJ0cy90ZWxldmlzaW9uL3dhcmhhbW1lci1hbWF6b24taGVucnktY2F2aWxsLmh0bWzSAQA?hl=en-GB&gl=GB&ceid=GB%3Aen,"Amazon to Bring Warhammer 40000 to the Screen, With Henry Cavill",2023-12-19 08:00:00,nytimes
https://news.google.com/articles/CBMicWh0dHBzOi8vd3d3Lm55dGltZXMuY29tL2F0aGxldGljLzU0OTI3NDAvMjAyNC8wNS8xNC9yb2dlci1mZWRlcmVyLWRvY3VtZW50YXJ5LWFpci1kYXRlLWNvbmZpcm1lZC1ieS1hbWF6b24tcHJpbWUv0gEA?hl=en-GB&gl=GB&ceid=GB%3Aen,Roger Federer documentary air date confirmed by Amazon Prime - The Athletic,2024-05-14 07:00:00,nytimes
https://news.google.com/articles/CBMiRWh0dHBzOi8vd3d3Lm55dGltZXMuY29tLzIwMjQvMDMvMTMvY2xpbWF0ZS9icmF6aWwtb2lsLXByb2R1Y3Rpb24uaHRtbNIBAA?hl=en-GB&gl=GB&ceid=GB%3Aen,Brazil's Clashing Goals: Protect the Amazon and Pump Lots More Oil,2024-03-13 07:00:00,nytimes
https://news.google.com/articles/CBMiUGh0dHBzOi8vd3d3Lm55dGltZXMuY29tLzIwMjQvMDEvMTAvdGVjaG5vbG9neS9hbWF6b24tbGF5b2Zmcy1zdHVkaW9zLXR3aXRjaC5odG1s0gEA?hl=en-GB&gl=GB&ceid=GB%3Aen,Amazon Cuts Hundreds of Jobs at Studios and Twitch,2024-01-10 08:00:00,nytimes
https://news.google.com/articles/CBMiTGh0dHBzOi8vd3d3Lm55dGltZXMuY29tLzIwMjMvMTAvMDYvc2NpZW5jZS9hbWF6b24tcHJvamVjdC1rdWlwZXItbGF1bmNoLmh0bWzSAQA?hl=en-GB&gl=GB&ceid=GB%3Aen,Amazon Launches First Project Kuiper Satellites to Orbit,2023-10-06 07:00:00,nytimes
https://news.google.com/articles/CBMiUWh0dHBzOi8vd3d3Lm55dGltZXMuY29tL2VzLzIwMjMvMDkvMjgvZXNwYW5vbC9kZW1hbmRhLWFtYXpvbi1jb21wZXRlbmNpYS1mdGMuaHRtbNIBAA?hl=en-GB&gl=GB&ceid=GB%3Aen,¿En qué consiste la demanda a Amazon de la FTC?,2023-09-28 07:00:00,nytimes
https://news.google.com/articles/CBMifWh0dHBzOi8vd3d3LmZvcmJlcy5jb20vc2l0ZXMvcm9iZXJ0aGFydC8yMDI0LzA2LzIxL2FtYXpvbi1tYXktY2hhcmdlLWZvci1hbGV4YS1yZXBvcnQtc3VnZ2VzdC1tYWpvci1vdmVyaGF1bC1vZi1haS1hc3Npc3RhbnQv0gEA?hl=en-GB&gl=GB&ceid=GB%3Aen,$10 A Month For Alexa? Amazon Reportedly Plots Overhaul Of Iconic Voice Assistant,2024-06-21 13:51:14,forbes
https://news.google.com/articles/CBMifWh0dHBzOi8vd3d3LmZvcmJlcy5jb20vc2l0ZXMvc2hlbGxleWtvaGFuLzIwMjQvMDYvMTkvYW1hem9uLXBhcnRuZXJzLXdpdGgtemV0YS1nbG9iYWwtdG8tZGVsaXZlci1nZW4tYWktbWFya2V0aW5nLWF1dG9tYXRpb24v0gEA?hl=en-GB&gl=GB&ceid=GB%3Aen,Amazon Partners With Zeta Global Deliver Gen AI Marketing Automation,2024-06-19 14:31:34,forbes
https://news.google.com/articles/CBMiV2h0dHBzOi8vd3d3LmZvcmJlcy5jb20vc2l0ZXMvZm9yYmVzLXBlcnNvbmFsLXNob3BwZXIvMjAyNC8wNi8xNC9hbWF6b24td2FyZWhvdXNlLWRlYWxzL9IBAA?hl=en-GB&gl=GB&ceid=GB%3Aen,Amazon Warehouse Deals June 2024,2024-06-14 07:00:00,forbes
https://news.google.com/articles/CBMif2h0dHBzOi8vd3d3LmZvcmJlcy5jb20vc2l0ZXMvcGF1bHRhc3NpLzIwMjQvMDYvMTQvZmFsbG91dC1kZXRocm9uZWQtaW4tYW1hem9uLXByaW1lLXZpZGVvcy10b3AtMTAtbGlzdC1hZ2Fpbi1ieS1hLWJpZy1uZXctc2hvdy_SAQA?hl=en-GB&gl=GB&ceid=GB%3Aen,'Fallout' Dethroned In Amazon Prime Video's Top 10 List Again By A Big New Show,2024-06-14 13:56:00,forbes
https://news.google.com/articles/CBMihAFodHRwczovL3d3dy5mb3JiZXMuY29tL3NpdGVzL2NhaWxleWdsZWVzb24vMjAyNC8wNi8xMi9hcHBlYWxzLWNvdXJ0LXRocm93cy1vdXQtb3JkZXItYmFycmluZy1hbWF6b24tZnJvbS1maXJpbmctcHJvLXVuaW9uLWVtcGxveWVlcy_SAQA?hl=en-GB&gl=GB&ceid=GB%3Aen,Appeals Court Throws Out Order Barring Amazon From Firing Pro-Union Employees,2024-06-12 17:03:22,forbes
https://news.google.com/articles/CBMiogFodHRwczovL3d3dy5mb3JiZXMuY29tL3NpdGVzL21hcmNiZXJtYW4xLzIwMjQvMDYvMjAvZmlsbW1ha2VyLXNlcmVuZS1tZXNoZWwtZGlsbG1hbi10YWNrbGVzLWVuZC1vZi1saWZlLW9wdGlvbnMtaW4tYW1hem9uLXByaW1lLWRvY3VzZXJpZXMtdGFrZS1tZS1vdXQtZmVldC1maXJzdC_SAQA?hl=en-GB&gl=GB&ceid=GB%3Aen,Filmmaker Serene Meshel-Dillman Tackles End Of Life Options In Amazon Prime Docuseries 'Take Me Out Feet First',2024-06-20 14:00:12,forbes
https://news.google.com/articles/CBMiYGh0dHBzOi8vd3d3LmZvcmJlcy5jb20vc2l0ZXMvYnJ1Y2VqYXBzZW4vMjAyNC8wNi8xOC9hbWF6b24tcGhhcm1hY3ktdGFyZ2V0cy1tZWRpY2FyZS1wb3B1bGF0aW9uL9IBAA?hl=en-GB&gl=GB&ceid=GB%3Aen,Amazon Pharmacy Targets Medicare Population,2024-06-18 10:00:00,forbes
https://news.google.com/articles/CBMicWh0dHBzOi8vd3d3LmZvcmJlcy5jb20vc2l0ZXMvcGF1bHRhc3NpLzIwMjQvMDYvMDQvYW1hem9uLWFubm91bmNlcy15YWt1emEtbGlrZS1hLWRyYWdvbi1zaG93LXBsdXMtYS1yZWxlYXNlLWRhdGUv0gEA?hl=en-GB&gl=GB&ceid=GB%3Aen,"Amazon Announces 'Yakuza: Like A Dragon' Show, Plus A Release Date",2024-06-04 07:00:00,forbes
https://news.google.com/articles/CBMiSmh0dHBzOi8vd3d3LmZvcmJlcy5jb20vc2l0ZXMvZ3VydWZvY3VzLzIwMjQvMDYvMDcvMi1yZWFzb25zLXRvLW93bi1hbWF6b24v0gEA?hl=en-GB&gl=GB&ceid=GB%3Aen,2 Reasons To Own Amazon,2024-06-07 07:00:00,forbes
https://news.google.com/articles/CBMieWh0dHBzOi8vd3d3LmZvcmJlcy5jb20vc2l0ZXMvY2Fyb2xzY2hyYW0vMjAyNC8wNi8wNi9uaGwtam9pbnMtZHJpdmUtdG8tc3Vydml2ZS1wcm9kdWN0aW9uLXRlYW0tZm9yLW5ldy1hbWF6b24tZG9jdXNlcmllcy_SAQA?hl=en-GB&gl=GB&ceid=GB%3Aen,NHL Joins 'Drive To Survive' Production Team For New Amazon Docuseries,2024-06-06 07:00:00,forbes
https://news.google.com/articles/CBMieWh0dHBzOi8vd3d3LmZvcmJlcy5jb20vc2l0ZXMvcGF1bHRhc3NpLzIwMjQvMDUvMjgvb3V0ZXItcmFuZ2UtZGV0aHJvbmVkLWluLWFtYXpvbi1wcmltZS12aWRlb3MtdG9wLTEwLWxpc3QtYnktYS1uZXctc2hvdy_SAQA?hl=en-GB&gl=GB&ceid=GB%3Aen,'Outer Range' Dethroned In Amazon Prime Video's Top 10 List By A New Show,2024-05-28 07:00:00,forbes
https://news.google.com/articles/CBMiYWh0dHBzOi8vd3d3LmZvcmJlcy5jb20vc2l0ZXMvZm9yYmVzLXBlcnNvbmFsLXNob3BwZXIvMjAyNC8wNS8zMS9iZXN0LWZhdGhlcnMtZGF5LWdpZnRzLW9uLWFtYXpvbi_SAQA?hl=en-GB&gl=GB&ceid=GB%3Aen,Best Father’s Day Gifts On Amazon 2024,2024-05-31 07:00:00,forbes
https://news.google.com/articles/CBMiZGh0dHBzOi8vd3d3LmZvcmJlcy5jb20vc2l0ZXMvbWVsaXNzYWtyYXZpdHovMjAyNC8wNS8zMS9hbWF6b24tYW5kLWdydWJodWItdGVhbS11cC1mb3ItZm9vZC1kZWxpdmVyeS_SAQA?hl=en-GB&gl=GB&ceid=GB%3Aen,Amazon And Grubhub Team Up For Food Delivery,2024-05-31 07:00:00,forbes
https://news.google.com/articles/CBMiZWh0dHBzOi8vd3d3LmZvcmJlcy5jb20vc2l0ZXMvZm9yYmVzYnVzaW5lc3Njb3VuY2lsLzIwMjQvMDUvMzEvZml2ZS10aXBzLWZvci1yZWR1Y2luZy1hbWF6b24tZmJhLWZlZXMv0gEA?hl=en-GB&gl=GB&ceid=GB%3Aen,Five Tips For Reducing Amazon FBA Fees,2024-05-31 07:00:00,forbes
https://news.google.com/articles/CBMiaGh0dHBzOi8vd3d3LmZvcmJlcy5jb20vc2l0ZXMvbWFyY2Jlcm1hbjEvMjAyNC8wNS8yOS95b3VuZy1zaGVybG9jay1zZXJpZXMtb3JkZXJlZC1ieS1hbWF6b24tcHJpbWUtdmlkZW8v0gEA?hl=en-GB&gl=GB&ceid=GB%3Aen,'Young Sherlock' Series Ordered By Amazon Prime Video,2024-05-29 07:00:00,forbes
https://news.google.com/articles/CBMirAFodHRwczovL3d3dy5mb3JiZXMuY29tL3NpdGVzL3N0ZXZlbmFxdWluby8yMDI0LzA1LzMwL2FtYXpvbi1hY2Nlc3NpYmlsaXR5LWJvc3MtcGV0ZXIta29ybi10YWxrcy1uZXctYWktc2VhcmNoLWZvci1maXJlLXR2LWFpLWFuZC1hY2Nlc3NpYmlsaXR5LW1vcmUtaW4tcmVjZW50LW5ldy1pbnRlcnZpZXcv0gEA?hl=en-GB&gl=GB&ceid=GB%3Aen,"Amazon Accessibility Boss Peter Korn Talks New AI Search For Fire TV, AI And Accessibility, More In Recent New ...",2024-05-31 07:00:00,forbes
https://news.google.com/articles/CBMiX2h0dHBzOi8vd3d3LmZvcmJlcy5jb20vc2l0ZXMvZm9yYmVzLXBlcnNvbmFsLXNob3BwZXIvMjAyNC8wNS8yOC9iZXN0LWFtYXpvbi1tZW1vcmlhbC1kYXktZGVhbHMv0gEA?hl=en-GB&gl=GB&ceid=GB%3Aen,Best Amazon Memorial Day Deals 2024,2024-05-28 07:00:00,forbes
https://news.google.com/articles/CBMihwFodHRwczovL3d3dy5mb3JiZXMuY29tL3NpdGVzL3NpbGFkaXR5YXJheS8yMDI0LzA1LzMwL2FtYXpvbi1hZGRzLWdydWJodWItdG8taXRzLWFwcC1hbmQtd2Vic2l0ZS1vZmZlcmluZy1mcmVlLWRlbGl2ZXJ5LWZvci1wcmltZS11c2Vycy_SAQA?hl=en-GB&gl=GB&ceid=GB%3Aen,Amazon Adds Grubhub To Its App And Website—Offering Free Delivery For Prime Users,2024-05-30 07:00:00,forbes
https://news.google.com/articles/CBMidWh0dHBzOi8vd3d3LmZvcmJlcy5jb20vc2l0ZXMvam9obmtvZXRzaWVyLzIwMjQvMDUvMzAvZmFhLW9rcy1hbWF6b24tZHJvbmUtZXhwYW5zaW9uLWdvYWwtaXMtNTAwLW1pbGxpb24tcGFja2FnZXN5ZWFyL9IBAA?hl=en-GB&gl=GB&ceid=GB%3Aen,Amazon Gets Key FAA Drone Delivery OK; Clears Path To 500M Package Goal,2024-05-30 07:00:00,forbes
https://news.google.com/articles/CBMiaGh0dHBzOi8vd3d3LmZvcmJlcy5jb20vc2l0ZXMvbWFyY2Jlcm1hbjEvMjAyNC8wNi8wMi9hbmltYXRlZC1zZXJpZXMta2V2aW4tb3JkZXJlZC1ieS1hbWF6b24tcHJpbWUtdmlkZW8v0gEA?hl=en-GB&gl=GB&ceid=GB%3Aen,Animated Series 'Kevin' Ordered By Amazon Prime Video,2024-06-02 07:00:00,forbes
https://news.google.com/articles/CBMid2h0dHBzOi8vd3d3LmZvcmJlcy5jb20vc2l0ZXMvbWF0dGdhcmRuZXIxLzIwMjQvMDUvMzAvbmV3LWhvcml6b25zLWZvcm1lci1mb3J6YS1kZXZzLWFncmVlLW1ham9yLWRlYWwtd2l0aC1hbWF6b24tZ2FtZXMv0gEA?hl=en-GB&gl=GB&ceid=GB%3Aen,New Horizons: Former 'Forza' Devs Agree Major Deal With Amazon Games,2024-05-30 07:00:00,forbes
https://news.google.com/articles/CBMijgFodHRwczovL3d3dy5mb3JiZXMuY29tL3NpdGVzL2VyaWtrYWluLzIwMjMvMDcvMTEvZXZlcnl0aGluZy15b3UtbmVlZC10by1rbm93LWFib3V0LWFtYXpvbi1wcmltZS1kYXktMjAyMy0tLXdoYXQtdG8tbG9vay1mb3ItYW5kLXdoYXQtdG8tYXZvaWQv0gEA?hl=en-GB&gl=GB&ceid=GB%3Aen,Everything You Need To Know About Amazon Prime Day 2023 — What To Look For And What To Avoid,2023-07-11 07:00:00,forbes
https://news.google.com/articles/CBMijAFodHRwczovL3d3dy5mb3JiZXMuY29tL3NpdGVzL3NpbGFkaXR5YXJheS8yMDIzLzA3LzEzL25scmItZmlsZXMtY29tcGxhaW50LWFnYWluc3QtYW1hem9uLWZvci1yZWZ1c2luZy10by1iYXJnYWluLXdpdGgtd2FyZWhvdXNlLWxhYm9yLXVuaW9uL9IBAA?hl=en-GB&gl=GB&ceid=GB%3Aen,NLRB Files Complaint Against Amazon For Refusing To Bargain With Warehouse Labor Union,2023-07-13 07:00:00,forbes
https://news.google.com/articles/CBMiiQFodHRwczovL3d3dy5mb3JiZXMuY29tL3NpdGVzL21vbGx5Ym9oYW5ub24vMjAyNC8wNC8yMi9hbWF6b24td2lsbC1zdGFydC1kcm9uZS1kZWxpdmVyaWVzLWluLWFyaXpvbmEtdGhpcy15ZWFyLWFuZC1lbmQtY2FsaWZvcm5pYS1zZXJ2aWNlL9IBAA?hl=en-GB&gl=GB&ceid=GB%3Aen,Amazon Drone Delivery Heading To Arizona This Year,2024-04-22 07:00:00,forbes
https://news.google.com/articles/CBMifGh0dHBzOi8vd3d3LmZvcmJlcy5jb20vc2l0ZXMva2F0aWVqZW5uaW5ncy8yMDIzLzExLzA4L2FtYXpvbi1wcmltZXMtbmV3LW9uZS1tZWRpY2FsLWRpc2NvdW50LXVuZGVyY3V0cy1hbWF6b24tY2xpbmljLXByaWNlcy_SAQA?hl=en-GB&gl=GB&ceid=GB%3Aen,Amazon Prime's $9 One Medical Subscription Undercuts Its Other Health Services,2023-11-08 08:00:00,forbes
https://news.google.com/articles/CBMigQFodHRwczovL3d3dy5mb3JiZXMuY29tL3NpdGVzL2ZvcmJlc2FnZW5jeWNvdW5jaWwvMjAyMy8xMi8wNi93cmFwcGluZy11cC1hbWF6b25zLXVuYm94ZWQtMjAyMy13aGF0LWl0LW1lYW5zLWZvci1lLWNvbW1lcmNlLWJyYW5kcy_SAQA?hl=en-GB&gl=GB&ceid=GB%3Aen,Wrapping Up Amazon's UnBoxed 2023: What It Means For E-Commerce Brands,2023-12-06 08:00:00,forbes
https://news.google.com/articles/CBMiTGh0dHBzOi8vZmluYW5jZS55YWhvby5jb20vbmV3cy8xLXVuc3RvcHBhYmxlLXN0b2NrLWNvdWxkLWpvaW4tMDcwMDAwNjQzLmh0bWzSAQA?hl=en-GB&gl=GB&ceid=GB%3Aen,"1 Unstoppable Stock That Could Join Microsoft, Apple, Nvidia, Alphabet, Amazon, and Meta in the $1 Trillion Club",2024-06-21 07:00:00,finance.yahoo
https://news.google.com/articles/CBMidmh0dHBzOi8vZmluYW5jZS55YWhvby5jb20vbmV3cy9hbWF6b24taXMtYWxyZWFkeS1kaXNydXB0aW5nLXRoZS1zdHJlYW1pbmctYWR2ZXJ0aXNpbmctbWFya2V0LS1oZXJlcy1ob3ctMTczNTMxNjk5Lmh0bWzSAQA?hl=en-GB&gl=GB&ceid=GB%3Aen,Amazon is already disrupting the streaming advertising market — here's how,2024-06-22 15:37:03,finance.yahoo
https://news.google.com/articles/CBMiUWh0dHBzOi8vZmluYW5jZS55YWhvby5jb20vbmV3cy9hbWF6b24tYmFja2VkLWFudGhyb3BpYy1kZWJ1dHMtbW9zdC0xNzE0NTM0NjEuaHRtbNIBAA?hl=en-GB&gl=GB&ceid=GB%3Aen,Amazon-Backed Anthropic Debuts Most Advanced Version of Claude Chatbot,2024-06-20 17:14:53,finance.yahoo
https://news.google.com/articles/CBMiSGh0dHBzOi8vZmluYW5jZS55YWhvby5jb20vbmV3cy9hbWF6b24tY29tLWluYy1uYXNkYXEtYW16bi0xNDUyMjQxODcuaHRtbNIBAA?hl=en-GB&gl=GB&ceid=GB%3Aen,Is Amazon.com Inc (NASDAQ:AMZN) the Best AI Stock to Buy for Long Term?,2024-06-21 14:52:24,finance.yahoo
https://news.google.com/articles/CBMiSmh0dHBzOi8vZmluYW5jZS55YWhvby5jb20vbmV3cy90aGluay1hbWF6b24tY29tLWFtem4tYXR0YWluLTEyNDgzODg4OC5odG1s0gEA?hl=en-GB&gl=GB&ceid=GB%3Aen,Do You Think Amazon.com (AMZN) Can Attain the Projected 15-20% Intrinsic Value Growth Trajectory?,2024-06-17 12:48:38,finance.yahoo
https://news.google.com/articles/CBMihgFodHRwczovL2F1LmZpbmFuY2UueWFob28uY29tL25ld3MvbW9yZS10aGFuLTEwMDAtc3R1ZGVudHMtcGxlZGdlLW5vdC10by13b3JrLWF0LWdvb2dsZS1hbmQtYW1hem9uLWR1ZS10by1wcm9qZWN0LW5pbWJ1cy0wNDI0MzkwODEuaHRtbNIBAA?hl=en-GB&gl=GB&ceid=GB%3Aen,"More than 1,000 students pledge not to work at Google and Amazon due to Project Nimbus",2024-06-19 04:24:00,finance.yahoo
https://news.google.com/articles/CBMiWmh0dHBzOi8vZmluYW5jZS55YWhvby5jb20vbmV3cy9hbWF6b24tYnVzaW5lc3MtaW50cm9kdWNlcy10ZWNobm9sb2dpZXMtc2F2ZS0xMzAwMDA3NzkuaHRtbNIBAA?hl=en-GB&gl=GB&ceid=GB%3Aen,Amazon Business Introduces New Technologies to Save Time and Reduce Costs for Business Customers,2024-06-20 13:00:00,finance.yahoo
https://news.google.com/articles/CBMiTWh0dHBzOi8vZmluYW5jZS55YWhvby5jb20vbmV3cy9hbWF6b24tYmxldy1hbGV4YS1zaG90LWRvbWluYXRlLTAxNTA1MzUzMy5odG1s0gEA?hl=en-GB&gl=GB&ceid=GB%3Aen,"How Amazon blew Alexa's shot to dominate AI, according to more than a dozen employees who worked on it",2024-06-14 11:50:48,finance.yahoo
https://news.google.com/articles/CBMihAFodHRwczovL3NnLmZpbmFuY2UueWFob28uY29tL25ld3MvYW1hem9uLWxhYm9yLXVuaW9uLXBhcnRuZXJzLXdpdGgtaW50ZXJuYXRpb25hbC1icm90aGVyaG9vZC1vZi10ZWFtc3RlcnMtaW4tbmV3LXlvcmstMTQwMDI2MzA5Lmh0bWzSAQA?hl=en-GB&gl=GB&ceid=GB%3Aen,Amazon Labor Union partners with International Brotherhood of Teamsters in New York,2024-06-18 14:00:26,finance.yahoo
https://news.google.com/articles/CBMiTmh0dHBzOi8vdWsuZmluYW5jZS55YWhvby5jb20vbmV3cy9hbWF6b24tYWRkcy0yMzAtbWlsbGlvbi1jbG91ZC0xMDE0MTY1MjQuaHRtbNIBAA?hl=en-GB&gl=GB&ceid=GB%3Aen,Amazon adds $230 million in cloud credits to AI startups,2024-06-13 10:14:16,finance.yahoo
https://news.google.com/articles/CBMiUGh0dHBzOi8vc2cuZmluYW5jZS55YWhvby5jb20vbmV3cy9hbWF6b24tbGFib3ItdW5pb24tdm90ZXMtcmF0aWZ5LTEwNTQ1ODYxMy5odG1s0gEA?hl=en-GB&gl=GB&ceid=GB%3Aen,Amazon Labor Union votes to ratify Teamsters affiliation,2024-06-18 10:54:58,finance.yahoo
https://news.google.com/articles/CBMiUGh0dHBzOi8vZmluYW5jZS55YWhvby5jb20vbmV3cy9hbWF6b24tZGl0Y2hpbmctcGxhc3RpYy1haXItcGlsbG93LTEwMDAwMDY3Ny5odG1s0gEA?hl=en-GB&gl=GB&ceid=GB%3Aen,Amazon Is Ditching Plastic Air Pillow Packaging in North America,2024-06-20 10:00:00,finance.yahoo
https://news.google.com/articles/CBMiT2h0dHBzOi8vZmluYW5jZS55YWhvby5jb20vbmV3cy9hbWF6b24tcGhhcm1hY3ktZXhwYW5kcy01LW1vbnRobHktMTAxMzQwNDYxLmh0bWzSAQA?hl=en-GB&gl=GB&ceid=GB%3Aen,Amazon Pharmacy expands $5 monthly subscription to Medicare patients,2024-06-18 10:13:40,finance.yahoo
https://news.google.com/articles/CBMidWh0dHBzOi8vY2EuZmluYW5jZS55YWhvby5jb20vbmV3cy9hbWF6b24tZmFjZXMtbmVhcmx5LTZiLWluLWZpbmVzLW92ZXItY2FsaWZvcm5pYS1sYWJvci1sYXctdmlvbGF0aW9ucy0yMDMyMzg1MTMuaHRtbNIBAA?hl=en-GB&gl=GB&ceid=GB%3Aen,Amazon faces nearly $6B in fines over California labor law violations,2024-06-18 20:32:38,finance.yahoo
https://news.google.com/articles/CBMiRmh0dHBzOi8vZmluYW5jZS55YWhvby5jb20vbmV3cy9hbWF6b24tZmluZWQtNS05LW1pbGxpb24tMTkwMDAzOTY5Lmh0bWzSAQA?hl=en-GB&gl=GB&ceid=GB%3Aen,Amazon Fined $5.9 Million Over Warehouse Productivity Quotas,2024-06-18 19:49:50,finance.yahoo
https://news.google.com/articles/CBMiUmh0dHBzOi8vY2EuZmluYW5jZS55YWhvby5jb20vbmV3cy8xNWstZmxleC1kcml2ZXJzLWZpbGUtYXJiaXRyYXRpb24tMjA1NzAwNjQ3Lmh0bWzSAQA?hl=en-GB&gl=GB&ceid=GB%3Aen,15k+ Flex drivers file arbitration claims against Amazon in 3 states,2024-06-14 20:57:00,finance.yahoo
https://news.google.com/articles/CBMiVGh0dHBzOi8vZXMuZmluYW5jZS55YWhvby5jb20vbmV3cy9nbG9iYWwtdGVjaG5vbG9neS1zb2x1dGlvbnMtaW5jLWd0cy0xNTAwMDAyNjguaHRtbNIBAA?hl=en-GB&gl=GB&ceid=GB%3Aen,Global Technology Solutions Inc. (GTS) Sponsors the Amazon Web Services DC Summit and Attends to Discuss GTS ...,2024-06-17 15:00:00,finance.yahoo
https://news.google.com/articles/CBMiS2h0dHBzOi8vY2EuZmluYW5jZS55YWhvby5jb20vbmV3cy93aHktYW1hem9uLWFtem4tdG9wLWdyb3d0aC0xMzQ1MTA2MDEuaHRtbNIBAA?hl=en-GB&gl=GB&ceid=GB%3Aen,Why Amazon (AMZN) is a Top Growth Stock for the Long-Term,2024-06-19 13:45:10,finance.yahoo
https://news.google.com/articles/CBMid2h0dHBzOi8vZmluYW5jZS55YWhvby5jb20vbmV3cy9hbWF6b25zLWRyLWFuZ2VsYS1zaGlwcHktd2FudHMtdG8taGVscC1haS10cmFuc2Zvcm0tdGhlLWhlYWx0aGNhcmUtc3lzdGVtLTEwMDAxMjE4OC5odG1s0gEA?hl=en-GB&gl=GB&ceid=GB%3Aen,Amazon's Dr. Angela Shippy wants to help AI transform the healthcare system,2024-06-20 10:00:12,finance.yahoo
https://news.google.com/articles/CBMiS2h0dHBzOi8vdWsuZmluYW5jZS55YWhvby5jb20vbmV3cy9tdWNoLWFtYXpvbi1zaGFyZXMtd29ydGgtNS0yMzAwMTY4ODEuaHRtbNIBAA?hl=en-GB&gl=GB&ceid=GB%3Aen,How Much Will Your Amazon Shares Be Worth in 5 Years? Stock Experts Project,2024-06-21 23:00:16,finance.yahoo
https://news.google.com/articles/CBMiTGh0dHBzOi8vZmluYW5jZS55YWhvby5jb20vbmV3cy9jb3VsZC1hbWF6b24tc3RvY2staGVscC1iZWNvbWUtMTA0MDAwMzQwLmh0bWzSAQA?hl=en-GB&gl=GB&ceid=GB%3Aen,Could Amazon Stock Help You Become a Millionaire?,2024-06-19 10:40:00,finance.yahoo
https://news.google.com/articles/CBMiSWh0dHBzOi8vdWsuZmluYW5jZS55YWhvby5jb20vbmV3cy9hbWF6b24tZmluZWQtNS05LW1pbGxpb24tMjA0MTU1NDc0Lmh0bWzSAQA?hl=en-GB&gl=GB&ceid=GB%3Aen,Amazon fined $5.9 million over warehouse worker quotas in California,2024-06-18 20:41:55,finance.yahoo
https://news.google.com/articles/CBMiTmh0dHBzOi8vZmluYW5jZS55YWhvby5jb20vdmlkZW8vYW1hem9uLXByaW1lcy1hZC1zdXBwb3J0ZWQtdGllci0xNTQ0MTIzOTYuaHRtbNIBAA?hl=en-GB&gl=GB&ceid=GB%3Aen,How Amazon Prime's ad-supported tier impacts competitors,2024-06-18 15:44:12,finance.yahoo
https://news.google.com/articles/CBMiT2h0dHBzOi8vZmluYW5jZS55YWhvby5jb20vbmV3cy9hbWF6b24tY3V0cy1wbGFzdGljLW5vcnRoLWFtZXJpY2EtMTAzNzAwMzk1Lmh0bWzSAQA?hl=en-GB&gl=GB&ceid=GB%3Aen,"Amazon Cuts Plastic Use in North America, Following Campaigning by Oceana",2024-06-20 10:37:00,finance.yahoo
https://news.google.com/articles/CBMiUmh0dHBzOi8vdWsuZmluYW5jZS55YWhvby5jb20vbmV3cy9jYWxpZm9ybmlhLWZpbmVzLWFtYXpvbi1uZWFybHktNm0tMjAyNzUxODk5Lmh0bWzSAQA?hl=en-GB&gl=GB&ceid=GB%3Aen,"California fines Amazon nearly $6M, alleging illegal work quotas at 2 warehouses",2024-06-18 20:27:51,finance.yahoo
https://news.google.com/articles/CBMigQFodHRwczovL3NnLmZpbmFuY2UueWFob28uY29tL25ld3MvYW1hem9ucy1hZmZvcmRhYmxlLXBoYXJtYWN5LXByb2dyYW0tcnhwYXNzLW9wZW5zLXVwLXRvLW1lZGljYXJlLXVzZXJzLXdpdGgtcHJpbWUtMTIzMDI2MDkyLmh0bWzSAQA?hl=en-GB&gl=GB&ceid=GB%3Aen,Amazon's Affordable Pharmacy program rxPass opens up to Medicare users with Prime,2024-06-18 12:30:26,finance.yahoo
https://news.google.com/articles/CBMiR2h0dHBzOi8vdWsuZmluYW5jZS55YWhvby5jb20vbmV3cy8xLTMtYmlsbGlvbi11ay1sYXdzdWl0LTE1MDUzNTU5Ni5odG1s0gEA?hl=en-GB&gl=GB&ceid=GB%3Aen,$1.3 billion UK lawsuit accuses Amazon of misusing small sellers' data,2024-06-06 07:00:00,finance.yahoo
https://news.google.com/articles/CBMiWGh0dHBzOi8vdWsuZmluYW5jZS55YWhvby5jb20vbmV3cy9zYW1zdW5nLWNoaWVmLWxlZS1kaXNjdXNzZXMtY29vcGVyYXRpb24tMDgwNjE4MTc2Lmh0bWzSAQA?hl=en-GB&gl=GB&ceid=GB%3Aen,"Samsung chief Lee discusses cooperation with Meta, Amazon and Qualcomm",2024-06-13 08:06:18,finance.yahoo
https://news.google.com/articles/CBMiTGh0dHBzOi8vdWsuZmluYW5jZS55YWhvby5jb20vbmV3cy9leGNsdXNpdmUtYW1hem9uLW11bGxzLTUtMTAtMTAwNTU5MDc3Lmh0bWzSAQA?hl=en-GB&gl=GB&ceid=GB%3Aen,"Exclusive-Amazon mulls $5 to $10 monthly price tag for unprofitable Alexa service, AI revamp",2024-06-21 10:05:59,finance.yahoo
https://news.google.com/articles/CBMiTmh0dHBzOi8vdWsuZmluYW5jZS55YWhvby5jb20vbmV3cy9yZXZpc2VkLWFtYXpvbi1kZWFsLWJvb3N0LXN1bi0xOTI2NDc2NDguaHRtbNIBAA?hl=en-GB&gl=GB&ceid=GB%3Aen,Revised Amazon deal to boost Sun Country's cargo profits,2024-06-21 19:26:47,finance.yahoo
https://news.google.com/articles/CBMicmh0dHBzOi8vc2cuZmluYW5jZS55YWhvby5jb20vbmV3cy9hbWF6b25zLXRocm9uZS1hbmQtbGliZXJ0eS1tbW8taXMtY29taW5nLXRvLXRoZS13ZXN0LWluLXNlcHRlbWJlci0xMjMwMjgwMTUuaHRtbNIBAA?hl=en-GB&gl=GB&ceid=GB%3Aen,Amazon's Throne and Liberty MMO is coming to the west in September,2024-06-19 12:30:28,finance.yahoo
https://news.google.com/articles/CBMiT2h0dHBzOi8vY2EuZmluYW5jZS55YWhvby5jb20vbmV3cy9hbWF6b24tc3RvcC11c2luZy10aG9zZS1saXR0bGUtMTE0NjEyOTIwLmh0bWzSAQA?hl=en-GB&gl=GB&ceid=GB%3Aen,Amazon will stop using those little plastic pillows in its packaging,2024-06-21 11:46:12,finance.yahoo
https://news.google.com/articles/CBMiTmh0dHBzOi8vZmluYW5jZS55YWhvby5jb20vbmV3cy9hbWF6b24taW52ZXN0cy0xMS1iaWxsaW9uLWV4cGFuZC0xMzM3NDY0NDIuaHRtbNIBAA?hl=en-GB&gl=GB&ceid=GB%3Aen,Amazon invests $11 billion to expand cloud and logistics in Germany,2024-06-19 13:37:46,finance.yahoo
https://news.google.com/articles/CBMiT2h0dHBzOi8vdWsuZmluYW5jZS55YWhvby5jb20vbmV3cy9qdXN0LWVhdC10YWtlYXdheS10ZWFtcy1hbWF6b24tMDYwMjU0OTYzLmh0bWzSAQA?hl=en-GB&gl=GB&ceid=GB%3Aen,"Just Eat Takeaway teams up with Amazon in Germany, Austria, Spain",2024-06-19 06:02:00,finance.yahoo
https://news.google.com/articles/CBMiU2h0dHBzOi8vZmluYW5jZS55YWhvby5jb20vbmV3cy9hbWF6b24tdnJpby1sYXVuY2gtc2F0ZWxsaXRlLWludGVybmV0LTAzMDY1Njk3Mi5odG1s0gEA?hl=en-GB&gl=GB&ceid=GB%3Aen,"Amazon, Vrio to launch satellite internet in South America, competing with Starlink",2024-06-12 07:00:00,finance.yahoo
https://news.google.com/articles/CBMiTGh0dHBzOi8vZmluYW5jZS55YWhvby5jb20vbmV3cy9hbWF6b24tY29tbWl0cy1hZGRpdGlvbmFsLTEtNGItMTc0OTQzNTc0Lmh0bWzSAQA?hl=en-GB&gl=GB&ceid=GB%3Aen,Amazon commits additional $1.4B to affordable housing fund,2024-06-13 07:00:00,finance.yahoo
https://news.google.com/articles/CBMiVWh0dHBzOi8vZmluYW5jZS55YWhvby5jb20vbmV3cy9hbWF6b24tYW16bi1zdHJlbmd0aGVucy1ibGluay1wb3J0Zm9saW8tMTYyOTAwOTI5Lmh0bWzSAQA?hl=en-GB&gl=GB&ceid=GB%3Aen,Amazon (AMZN) Strengthens Blink Portfolio With Blink Moments,2024-06-19 16:29:00,finance.yahoo
https://news.google.com/articles/CBMiUmh0dHBzOi8vdWsuZmluYW5jZS55YWhvby5jb20vbmV3cy9hbWF6b24tdW5pb24tYWxsaWVzLXRlYW1zdGVycy1iaWctMDczMjE4OTAyLmh0bWzSAQA?hl=en-GB&gl=GB&ceid=GB%3Aen,Amazon Union Allies With Teamsters in Big Labor Advance,2024-06-18 07:32:18,finance.yahoo
https://news.google.com/articles/CBMiVWh0dHBzOi8vdWsuZmluYW5jZS55YWhvby5jb20vbmV3cy9nYW1lcy13b3Jrc2hvcC1leHBlY3RzLWJ1bXBlci1hbWF6b24tMDY0ODUyNDA5Lmh0bWzSAQA?hl=en-GB&gl=GB&ceid=GB%3Aen,Games Workshop expects bumper year after Amazon deal,2024-06-19 06:48:00,finance.yahoo
https://news.google.com/articles/CBMiUGh0dHBzOi8vZmluYW5jZS55YWhvby5jb20vbmV3cy9hbWF6b24tdXBlbmRlZC1zdHJlYW1pbmctYWQtbWFya2V0LTA5MzAwMDY2NC5odG1s0gEA?hl=en-GB&gl=GB&ceid=GB%3Aen,"Amazon has upended the streaming ad market, and Netflix is paying the price",2024-06-15 20:28:34,finance.yahoo
https://news.google.com/articles/CBMiVWh0dHBzOi8vdWsuZmluYW5jZS55YWhvby5jb20vbmV3cy9icmF6aWxzLWx1bGEtZGVmZW5kcy1vaWwtZXhwbG9yYXRpb24tMTc0MjU1MjUwLmh0bWzSAQA?hl=en-GB&gl=GB&ceid=GB%3Aen,Brazil's Lula defends oil exploration near Amazon River,2024-06-12 17:42:55,finance.yahoo
https://news.google.com/articles/CBMiUWh0dHBzOi8vZmluYW5jZS55YWhvby5jb20vbmV3cy9hbWF6b24tZ2FtZXMtcmV2ZWFscy13b3JsZC1hZXRlcm51bS0yMjQ2MDA3NzUuaHRtbNIBAA?hl=en-GB&gl=GB&ceid=GB%3Aen,"Amazon Games Reveals New World: Aeternum, Releasing October 15 on PlayStation 5, Xbox Series X|S, and PC",2024-06-07 07:00:00,finance.yahoo
https://news.google.com/articles/CBMiU2h0dHBzOi8vZmluYW5jZS55YWhvby5jb20vbmV3cy9yZXNwb25kaW5nLWdyb3dpbmctZGVtYW5kLWR1a2UtZW5lcmd5LTEyMTUwMDM5Ny5odG1s0gEA?hl=en-GB&gl=GB&ceid=GB%3Aen,"Responding to Growing Demand, Duke Energy, Amazon, Google, Microsoft and Nucor Execute Agreements To ...",2024-06-07 07:00:00,finance.yahoo
https://news.google.com/articles/CBMiSWh0dHBzOi8vY2EuZmluYW5jZS55YWhvby5jb20vbmV3cy9hbWF6b24tZmluZWQtNS05LW1pbGxpb24tMTkwMDAzOTY5Lmh0bWzSAQA?hl=en-GB&gl=GB&ceid=GB%3Aen,Amazon Fined $5.9 Million Over Warehouse Productivity Quotas,2024-06-18 19:49:50,finance.yahoo
https://news.google.com/articles/CBMiUGh0dHBzOi8vY2EuZmluYW5jZS55YWhvby5jb20vbmV3cy9hbWF6b24tbGFib3ItdW5pb24tdm90ZXMtcmF0aWZ5LTA2MDMwMDE5MS5odG1s0gEA?hl=en-GB&gl=GB&ceid=GB%3Aen,AMAZON LABOR UNION VOTES TO RATIFY TEAMSTERS AFFILIATION,2024-06-18 06:03:00,finance.yahoo
https://news.google.com/articles/CBMiVmh0dHBzOi8vY2EuZmluYW5jZS55YWhvby5jb20vbmV3cy9hbWF6b24tb2Z0ZW4tc2F5cy1lbXBsb3llZXMtc2F0aXNmaWVkLTIxMzAyOTg5OC5odG1s0gEA?hl=en-GB&gl=GB&ceid=GB%3Aen,Amazon often says its employees are satisfied. Workers explain why you should question the data,2024-06-12 21:30:29,finance.yahoo
https://news.google.com/articles/CBMiS2h0dHBzOi8vdWsuZmluYW5jZS55YWhvby5jb20vbmV3cy9hbWF6b24tc2F5cy1pdGxsLXNwZW5kLTIzMC0xNTQzMTE4MTEuaHRtbNIBAA?hl=en-GB&gl=GB&ceid=GB%3Aen,Amazon says it'll spend $230 million on generative AI startups,2024-06-13 18:39:06,finance.yahoo
https://news.google.com/articles/CBMiVmh0dHBzOi8vZmluYW5jZS55YWhvby5jb20vbmV3cy9hbWF6b24tZmluZWQtY2FsaWZvcm5pYS13YXJlaG91c2UtcXVvdGFzLTA4NTY0NjQxMy5odG1s0gEA?hl=en-GB&gl=GB&ceid=GB%3Aen,Amazon fined for California's warehouse quotas law breach,2024-06-19 08:56:46,finance.yahoo
https://news.google.com/articles/CBMiT2h0dHBzOi8vYXUuZmluYW5jZS55YWhvby5jb20vbmV3cy9hbWF6b24tc3RvcC11c2luZy10aG9zZS1saXR0bGUtMTE0NjEyOTIwLmh0bWzSAQA?hl=en-GB&gl=GB&ceid=GB%3Aen,Amazon will stop using those little plastic pillows in its packaging,2024-06-21 11:46:12,finance.yahoo
https://news.google.com/articles/CBMiTGh0dHBzOi8vdWsuZmluYW5jZS55YWhvby5jb20vbmV3cy9nYWluaW5nLTQ1LTEyLW1vbnRocy1hbWF6b24tMTU0MDAwNTMxLmh0bWzSAQA?hl=en-GB&gl=GB&ceid=GB%3Aen,"After gaining 45% in 12 months, is the Amazon share price now overvalued?",2024-06-19 15:40:00,finance.yahoo
https://news.google.com/articles/CBMiSmh0dHBzOi8vZmluYW5jZS55YWhvby5jb20vbmV3cy9oZXJlcy13aHktYW1hem9uLWFtem4tc3Ryb25nLTEzNTAwODIzNS5odG1s0gEA?hl=en-GB&gl=GB&ceid=GB%3Aen,Here's Why Amazon (AMZN) is a Strong Momentum Stock,2024-06-14 13:50:08,finance.yahoo
https://news.google.com/articles/CBMiTWh0dHBzOi8vZmluYW5jZS55YWhvby5jb20vbmV3cy9hbWF6b24tYW16bi1nYWlucy1nZW5lcmF0aXZlLWFpLTE1MDEwMDk4OS5odG1s0gEA?hl=en-GB&gl=GB&ceid=GB%3Aen,Amazon (AMZN) Gains From Generative AI-Driven AWS Momentum,2024-06-12 15:01:00,finance.yahoo
https://news.google.com/articles/CBMiT2h0dHBzOi8vdWsuZmluYW5jZS55YWhvby5jb20vbmV3cy92aWRlby1kZW1hbmQtdm9kLW1hcmtldC1yZXBvcnQtMTM0OTAwMzk3Lmh0bWzSAQA?hl=en-GB&gl=GB&ceid=GB%3Aen,"Video on Demand (VoD) Market Report 2024-2034: Netflix, Amazon, Google and Hulu Dominate",2024-06-10 07:00:00,finance.yahoo
https://news.google.com/articles/CBMicmh0dHBzOi8vYXUuZmluYW5jZS55YWhvby5jb20vbmV3cy9hbWF6b24tc2F5cy1pdHMtY3V0LWRvd24tb24tdGhvc2UtcGxhc3RpYy1haXItcGlsbG93cy1pbi1wYWNrYWdlcy0yMjI5NTM2NDIuaHRtbNIBAA?hl=en-GB&gl=GB&ceid=GB%3Aen,Amazon says it's cut down on those plastic air pillows in packages,2024-06-20 22:29:54,finance.yahoo
https://news.google.com/articles/CBMiUmh0dHBzOi8vZmluYW5jZS55YWhvby5jb20vbmV3cy9nbG9iYWwtY3liZXItYWxsaWFuY2Utc3VwcG9ydC1hbWF6b24tMTQwMDAwNjc2Lmh0bWzSAQA?hl=en-GB&gl=GB&ceid=GB%3Aen,"Global Cyber Alliance, with Support from Amazon, Launches CyberFlex to Help Young Adults Avoid Scams and ...",2024-06-12 07:00:00,finance.yahoo
https://news.google.com/articles/CBMiSWh0dHBzOi8vZmluYW5jZS55YWhvby5jb20vbmV3cy9hbmFseXN0LXNheXMtYW1hem9uLWNvbS1pbmMtMTM1NjMyOTIxLmh0bWzSAQA?hl=en-GB&gl=GB&ceid=GB%3Aen,Analyst Says Amazon.com Inc (NASDAQ:AMZN) Is Poised to be a 'Winner',2024-06-14 07:00:00,finance.yahoo
https://news.google.com/articles/CBMiS2h0dHBzOi8vZmluYW5jZS55YWhvby5jb20vbmV3cy9hbWF6b24tYW16bi1nYWlucy1tYXJrZXQtZGlwcy0yMTQ1MTYzMDAuaHRtbNIBAA?hl=en-GB&gl=GB&ceid=GB%3Aen,Amazon (AMZN) Gains As Market Dips: What You Should Know,2024-06-20 21:45:16,finance.yahoo
https://news.google.com/articles/CBMiU2h0dHBzOi8vdWsuZmluYW5jZS55YWhvby5jb20vbmV3cy90aG91c2FuZHMtYW1hem9uLWZsZXgtZHJpdmVycy1maWxlLTAwNTIyNTYwMi5odG1s0gEA?hl=en-GB&gl=GB&ceid=GB%3Aen,Thousands of Amazon Flex drivers file arbitration claims for misclassification as contractors,2024-06-12 00:52:00,finance.yahoo
https://news.google.com/articles/CBMiT2h0dHBzOi8vZmluYW5jZS55YWhvby5jb20vbmV3cy9hbWF6b24tY3VzdG9tZXItd29ya2Vycy1zY2FyZWQtYWktMTIxNTM0ODY1Lmh0bWzSAQA?hl=en-GB&gl=GB&ceid=GB%3Aen,Amazon customer service workers are scared AI will replace them—and they're not alone,2024-06-11 07:00:00,finance.yahoo
https://news.google.com/articles/CBMiUWh0dHBzOi8vdWsuZmluYW5jZS55YWhvby5jb20vbmV3cy9hbWF6b24td29ya2Vycy11ay13YXJlaG91c2Utdm90ZS0xMTI0MjI3OTQuaHRtbNIBAA?hl=en-GB&gl=GB&ceid=GB%3Aen,Amazon workers at UK warehouse to vote on union recognition in July,2024-06-19 11:24:22,finance.yahoo
https://news.google.com/articles/CBMiUmh0dHBzOi8vdWsuZmluYW5jZS55YWhvby5jb20vbmV3cy9hbWF6b24tYWNjdXNlZC1zd2lwaW5nLWRhdGEtdGhpcmQtMTc0MzExMDI3Lmh0bWzSAQA?hl=en-GB&gl=GB&ceid=GB%3Aen,Amazon Accused of Swiping Data From Its Third-party Retailers in the U.K.,2024-06-06 07:00:00,finance.yahoo
https://news.google.com/articles/CBMiSGh0dHBzOi8vZmluYW5jZS55YWhvby5jb20vbmV3cy9hbWF6b24tY29tLWluYy1uYXNkYXEtYW16bi0xMTM3NTY5MzEuaHRtbNIBAA?hl=en-GB&gl=GB&ceid=GB%3Aen,Is Amazon.com Inc (NASDAQ:AMZN) Billionaire Izzy Englander's Best AI Stock Pick in 2024?,2024-06-13 07:00:00,finance.yahoo
https://news.google.com/articles/CBMiUGh0dHBzOi8vdWsuZmluYW5jZS55YWhvby5jb20vbmV3cy9idW1ibGUtYnVtYmxlLWxhdW5jaGVzLXUtYW1hem9uLTEwNDUwMDIxMi5odG1s0gEA?hl=en-GB&gl=GB&ceid=GB%3Aen,Bumble and bumble Launches in the U.S. Amazon Premium Beauty Store,2024-06-21 10:45:00,finance.yahoo
https://news.google.com/articles/CBMiUmh0dHBzOi8vZmluYW5jZS55YWhvby5jb20vbmV3cy9hbWF6b25zLW5leHQtMTAwLWJpbGxpb24tb3Bwb3J0dW5pdHktMTIxNTAwMjc4Lmh0bWzSAQA?hl=en-GB&gl=GB&ceid=GB%3Aen,Is This Amazon's Next $100 Billion Opportunity?,2024-06-19 12:15:00,finance.yahoo
https://news.google.com/articles/CBMiWGh0dHBzOi8vYXUuZmluYW5jZS55YWhvby5jb20vbmV3cy90d28tc2VuaW9yLXBhcmFtb3VudC1ob21lLWVudGVydGFpbm1lbnQtMTcxODQ5NzgyLmh0bWzSAQA?hl=en-GB&gl=GB&ceid=GB%3Aen,Two Senior Paramount Home Entertainment Execs Are Latest To Depart; Amazon MGM Vet Andres Alvarez Takes Top ...,2024-06-21 17:18:49,finance.yahoo
https://news.google.com/articles/CBMiTGh0dHBzOi8vdWsuZmluYW5jZS55YWhvby5jb20vbmV3cy9tb3JlLTE1LTAwMC1hbWF6b24tY29udHJhY3QtMDA0OTAzMDM4Lmh0bWzSAQA?hl=en-GB&gl=GB&ceid=GB%3Aen,"More than 15,000 Amazon contract drivers file legal claims asking for compensation for overtime and unpaid wages",2024-06-12 07:00:00,finance.yahoo
https://news.google.com/articles/CBMiR2h0dHBzOi8vZmluYW5jZS55YWhvby5jb20vbmV3cy9tYWRlLWZvcnR1bmUtb2ZmLWFtYXpvbi00LTE2MDEzMDcyOC5odG1s0gEA?hl=en-GB&gl=GB&ceid=GB%3Aen,I Made a Fortune Off Amazon: Here Are 4 Companies You Should Invest In Now,2024-06-11 07:00:00,finance.yahoo
https://news.google.com/articles/CBMiWmh0dHBzOi8vdWsuZmluYW5jZS55YWhvby5jb20vbmV3cy93YWxtYXJ0LWJlY29taW5nLWFtYXpvbi1jdXN0b21lcnMtc21hbGxlci0xODU5MjYzOTcuaHRtbNIBAA?hl=en-GB&gl=GB&ceid=GB%3Aen,"Walmart is becoming the new Amazon as customers make smaller, but frequent purchases: 'That's a trend that's not ...",2024-06-17 18:59:26,finance.yahoo
https://news.google.com/articles/CBMiUGh0dHBzOi8vZmluYW5jZS55YWhvby5jb20vdmlkZW8vYW1hem9uLW11bGxzLWNoYXJnaW5nLXJldmFtcGVkLWFpLTE3NTYzMjU3OC5odG1s0gEA?hl=en-GB&gl=GB&ceid=GB%3Aen,Amazon mulls charging for revamped AI version of Alexa,2024-06-21 17:56:32,finance.yahoo
https://news.google.com/articles/CBMiX2h0dHBzOi8vY2EuZmluYW5jZS55YWhvby5jb20vbmV3cy9ibGluay1taW5pLXR3by1wYWNrcy1kcm9wLXRvLW9ubHktMzAtYXQtYW1hem9uLTE1NTcwMDI4Mi5odG1s0gEA?hl=en-GB&gl=GB&ceid=GB%3Aen,Blink Mini two-packs drop to only $30 at Amazon,2024-06-07 15:57:00,finance.yahoo
https://news.google.com/articles/CBMidWh0dHBzOi8vYXUuZmluYW5jZS55YWhvby5jb20vbmV3cy9hbWF6b24tZmFjZXMtbmVhcmx5LTZiLWluLWZpbmVzLW92ZXItY2FsaWZvcm5pYS1sYWJvci1sYXctdmlvbGF0aW9ucy0yMDMyMzg1MTMuaHRtbNIBAA?hl=en-GB&gl=GB&ceid=GB%3Aen,Amazon faces nearly $6 million in fines over California labor law violations,2024-06-19 00:47:00,finance.yahoo
https://news.google.com/articles/CBMiUmh0dHBzOi8vdWsuZmluYW5jZS55YWhvby5jb20vbmV3cy9hbWF6b24tYW16bi1ib29zdHMtcHJpbWUtbW9tZW50dW0tMTM1ODAwMTQ0Lmh0bWzSAQA?hl=en-GB&gl=GB&ceid=GB%3Aen,Amazon (AMZN) Boosts Prime Momentum With Grubhub Partnership,2024-06-04 07:00:00,finance.yahoo
https://news.google.com/articles/CBMiS2h0dHBzOi8vdWsuZmluYW5jZS55YWhvby5jb20vbmV3cy93aHktYW1hem9uLWFtem4tdG9wLWdyb3d0aC0xMzQ1MTA2MDEuaHRtbNIBAA?hl=en-GB&gl=GB&ceid=GB%3Aen,Why Amazon (AMZN) is a Top Growth Stock for the Long-Term,2024-06-19 13:45:10,finance.yahoo
https://news.google.com/articles/CBMiSmh0dHBzOi8vdWsuZmluYW5jZS55YWhvby5jb20vbmV3cy93aHktYW1hem9uLWFtem4tdG9wLXZhbHVlLTEzNDAxMDYwMi5odG1s0gEA?hl=en-GB&gl=GB&ceid=GB%3Aen,Why Amazon (AMZN) is a Top Value Stock for the Long-Term,2024-06-13 13:40:10,finance.yahoo
https://news.google.com/articles/CBMicmh0dHBzOi8vY2EuZmluYW5jZS55YWhvby5jb20vbmV3cy9hbWF6b24tc2F5cy1pdHMtY3V0LWRvd24tb24tdGhvc2UtcGxhc3RpYy1haXItcGlsbG93cy1pbi1wYWNrYWdlcy0yMjI5NTM2NDIuaHRtbNIBAA?hl=en-GB&gl=GB&ceid=GB%3Aen,Amazon says it's cut down on those plastic air pillows in packages,2024-06-20 22:29:54,finance.yahoo
https://news.google.com/articles/CBMiTmh0dHBzOi8vZmluYW5jZS55YWhvby5jb20vbmV3cy9hbWF6b24tc3R1ZHktcmV2ZWFscy1tYWpvcml0eS11ay0wOTM3MDAxNTguaHRtbNIBAA?hl=en-GB&gl=GB&ceid=GB%3Aen,Amazon study reveals majority of UK workers favour on-the-job training or apprenticeships for a successful career start,2024-06-18 09:37:00,finance.yahoo
https://news.google.com/articles/CBMiVGh0dHBzOi8vdWsuZmluYW5jZS55YWhvby5jb20vbmV3cy9hcHBsZS10di1pbnRyb2R1Y2VzLWluc2lnaHQtZmVhdHVyZS0xODIxMTMxMzMuaHRtbNIBAA?hl=en-GB&gl=GB&ceid=GB%3Aen,"Apple TV+ introduces InSight, a new feature similar to Amazon's X-Ray, at WWDC 2024",2024-06-10 07:00:00,finance.yahoo
https://news.google.com/articles/CBMiUmh0dHBzOi8vdWsuZmluYW5jZS55YWhvby5jb20vbmV3cy9pbGxlZ2FsLWdvbGQtbWluaW5nLWVhdHMtcGVydXZpYW4tMDEyOTQ4ODE5Lmh0bWzSAQA?hl=en-GB&gl=GB&ceid=GB%3Aen,Illegal gold mining eats into Peruvian Amazon,2024-06-17 01:29:00,finance.yahoo
https://news.google.com/articles/CBMiUmh0dHBzOi8vdWsuZmluYW5jZS55YWhvby5jb20vbmV3cy9hbWF6b24tYW16bi1zZWVzLW1vcmUtc2lnbmlmaWNhbnQtMjE0NTExMDAwLmh0bWzSAQA?hl=en-GB&gl=GB&ceid=GB%3Aen,Amazon (AMZN) Sees a More Significant Dip Than Broader Market: Some Facts to Know,2024-06-07 07:00:00,finance.yahoo
https://news.google.com/articles/CBMiVGh0dHBzOi8vdWsuZmluYW5jZS55YWhvby5jb20vbmV3cy9jb3VsZC1idXlpbmctZ3Jvd3RoLXN0b2NrLWludmVzdGluZy0wNjAxMDAxNTcuaHRtbNIBAA?hl=en-GB&gl=GB&ceid=GB%3Aen,Could buying this growth stock be like investing in Amazon in 2011?,2024-06-19 06:01:00,finance.yahoo
https://news.google.com/articles/CBMiUmh0dHBzOi8vdWsuZmluYW5jZS55YWhvby5jb20vbmV3cy9ldmVyeXRoaW5nLWtub3ctcHJlcC1hbWF6b24tcHJpbWUtMTgxMzI3MjYyLmh0bWzSAQA?hl=en-GB&gl=GB&ceid=GB%3Aen,Everything You Need To Know To Prep for Amazon Prime Day,2024-06-18 18:13:27,finance.yahoo
https://news.google.com/articles/CBMiTmh0dHBzOi8vZmluYW5jZS55YWhvby5jb20vbmV3cy93aHktbG9nLXJlZGFjdGVkLXNpZ25hbC1tZXNzYWdlcy0xNzE4MTczMjcuaHRtbNIBAA?hl=en-GB&gl=GB&ceid=GB%3Aen,Why a log of redacted Signal messages shines a light on Amazon's glass ceiling,2024-06-21 17:18:17,finance.yahoo
https://news.google.com/articles/CBMiS2h0dHBzOi8vdWsuZmluYW5jZS55YWhvby5jb20vbmV3cy9hbWF6b24taGl0LWJpZ2dlc3QtZXZlci11ay0xMzA3MTU4MjUuaHRtbNIBAA?hl=en-GB&gl=GB&ceid=GB%3Aen,Amazon hit with 'biggest ever' UK class action in £1bn legal case,2024-06-07 07:00:00,finance.yahoo
https://news.google.com/articles/CBMiS2h0dHBzOi8vdWsuZmluYW5jZS55YWhvby5jb20vbmV3cy9hbWF6b24tY29tLWluYy1uYXNkYXEtYW16bi0xMzM3MDc4NDYuaHRtbNIBAA?hl=en-GB&gl=GB&ceid=GB%3Aen,Is Amazon.com Inc. (NASDAQ:AMZN) The Best 'Big 10' AI Stock?,2024-06-19 13:37:07,finance.yahoo
https://news.google.com/articles/CBMiUWh0dHBzOi8vdWsuZmluYW5jZS55YWhvby5jb20vbmV3cy9wcmljZS1jdXQtd2Fycy13YWxncmVlbnMtZm9sbG93cy0xNzIzMTA0NzQuaHRtbNIBAA?hl=en-GB&gl=GB&ceid=GB%3Aen,"Price cut wars: Walgreens follows Target, Walmart and Amazon in slashing prices on 1,500 items",2024-05-30 07:00:00,finance.yahoo
https://news.google.com/articles/CBMiUmh0dHBzOi8vdWsuZmluYW5jZS55YWhvby5jb20vbmV3cy91ay1yZXRhaWxlcnMtc3VpbmctYW1hem9uLWRhbWFnZXMtMTUwNTQ5MzM3Lmh0bWzSAQA?hl=en-GB&gl=GB&ceid=GB%3Aen,UK retailers suing Amazon for damages up to £1.1bn in 'watershed' case,2024-06-06 07:00:00,finance.yahoo
https://news.google.com/articles/CBMiX2h0dHBzOi8vZmluYW5jZS55YWhvby5jb20vbmV3cy9hbWF6b24tZXhwYW5kcy1ncnViaHViLWRlYWwtaW4tZm9vZC1kZWxpdmVyeS1wdXNoLTA2MDAxMDEwNC5odG1s0gEA?hl=en-GB&gl=GB&ceid=GB%3Aen,Amazon expands Grubhub deal in food delivery push,2024-05-29 07:00:00,finance.yahoo
https://news.google.com/articles/CBMiUGh0dHBzOi8vdWsuZmluYW5jZS55YWhvby5jb20vbmV3cy9hbWF6b24tZ2V0cy1mYWEtYXBwcm92YWwtYWxsb3dzLTE0MzUwMjM4MC5odG1s0gEA?hl=en-GB&gl=GB&ceid=GB%3Aen,Amazon gets FAA approval allowing it to expand drone deliveries for online orders,2024-05-30 07:00:00,finance.yahoo
https://news.google.com/articles/CBMiR2h0dHBzOi8vZmluYW5jZS55YWhvby5jb20vbmV3cy9hbWF6b24tZ29vZC1zdG9jay1idXktbm93LTA3NTAwMDM0Mi5odG1s0gEA?hl=en-GB&gl=GB&ceid=GB%3Aen,Is Amazon a Good Stock to Buy Right Now?,2024-05-25 07:00:00,finance.yahoo
https://news.google.com/articles/CBMiS2h0dHBzOi8vdWsuZmluYW5jZS55YWhvby5jb20vbmV3cy9qaW0tY3JhbWVyLXNheXMtYW1hem9uLWNvbS0xMjA1MDgwMjUuaHRtbNIBAA?hl=en-GB&gl=GB&ceid=GB%3Aen,Jim Cramer Says Amazon.com Inc (NASDAQ:AMZN) Has More Upside,2024-06-12 12:05:08,finance.yahoo
https://news.google.com/articles/CBMiS2h0dHBzOi8vdWsuZmluYW5jZS55YWhvby5jb20vbmV3cy9hbWF6b24tYW16bi1iZXN0LWxhcmdlLWNhcC0wNjU4MjczNDAuaHRtbNIBAA?hl=en-GB&gl=GB&ceid=GB%3Aen,Is Amazon (AMZN) the Best Large-Cap Stock AI Stock Pick of Billionaire Dan Loeb?,2024-05-29 07:00:00,finance.yahoo
https://news.google.com/articles/CBMiT2h0dHBzOi8vdWsuZmluYW5jZS55YWhvby5jb20vbmV3cy9hbWF6b24tc2hhcmUtcHJpY2UtcHJpbWVkLWRyb3AtMTYzNzM2MjEyLmh0bWzSAQA?hl=en-GB&gl=GB&ceid=GB%3Aen,Is the Amazon share price primed for a drop?,2024-05-27 07:00:00,finance.yahoo
https://news.google.com/articles/CBMic2h0dHBzOi8vd3d3LmJsb29tYmVyZy5jb20vbmV3cy9hcnRpY2xlcy8yMDI0LTA2LTIwL2FtYXpvbi1pcy1kaXRjaGluZy1wbGFzdGljLWFpci1waWxsb3ctcGFja2FnaW5nLWluLW5vcnRoLWFtZXJpY2HSAQA?hl=en-GB&gl=GB&ceid=GB%3Aen,Amazon Is Ditching Plastic Air Pillow Packaging in North America,2024-06-20 10:00:00,bloomberg
https://news.google.com/articles/CBMibmh0dHBzOi8vd3d3LmJsb29tYmVyZy5jb20vbmV3cy9hcnRpY2xlcy8yMDI0LTA2LTE5L2FtYXpvbi1jb21taXRzLWFub3RoZXItMTAtYmlsbGlvbi10by1nZXJtYW4tY2xvdWQtbG9naXN0aWNz0gEA?hl=en-GB&gl=GB&ceid=GB%3Aen,"Amazon Commits Another €10 billion to German Cloud, Logistics",2024-06-19 14:38:24,bloomberg
https://news.google.com/articles/CBMic2h0dHBzOi8vd3d3LmJsb29tYmVyZy5jb20vbmV3cy9hcnRpY2xlcy8yMDI0LTA2LTE5L2FtYXpvbi1wcmltZS11c2Vycy1nZXQtZmVlLWZyZWUtanVzdC1lYXQtdGFrZW91dC1pbi1zb21lLW1hcmtldHPSAQA?hl=en-GB&gl=GB&ceid=GB%3Aen,Amazon Prime Users Get Fee-Free Just Eat Takeout in Some Markets,2024-06-19 06:00:00,bloomberg
https://news.google.com/articles/CBMiZ2h0dHBzOi8vd3d3LmJsb29tYmVyZy5jb20vb3Bpbmlvbi9hcnRpY2xlcy8yMDI0LTA2LTE0L3Rlc2xhLWFtYXpvbi1kaXN0b3J0LXVzLWNvbnN1bWVyLWhlYWx0aC1wcm9nbm9zaXPSAQA?hl=en-GB&gl=GB&ceid=GB%3Aen,"Tesla, Amazon Distort US Consumer Health Prognosis",2024-06-14 04:01:00,bloomberg
https://news.google.com/articles/CBMibmh0dHBzOi8vd3d3LmJsb29tYmVyZy5jb20vbmV3cy9hcnRpY2xlcy8yMDI0LTA2LTExL3RlbXUtbHVyZXMtbW9yZS1yZXBlYXQtY3VzdG9tZXJzLXRoYW4tZWJheS1wcmVzc3VyZXMtYW1hem9u0gEA?hl=en-GB&gl=GB&ceid=GB%3Aen,"Temu Lures More Repeat Customers than EBay, Pressures Amazon",2024-06-11 07:00:00,bloomberg
https://news.google.com/articles/CBMicGh0dHBzOi8vd3d3LmJsb29tYmVyZy5jb20vbmV3cy9hcnRpY2xlcy8yMDI0LTA2LTExL3dhbGwtc3RyZWV0LXRpZXMtdG8tYW1hem9uLWRlcGxldGlvbi1tYXBwZWQtb3V0LWluLW5ldy1yZXBvcnTSAQA?hl=en-GB&gl=GB&ceid=GB%3Aen,Wall Street Ties to Amazon Depletion Mapped Out in New Report,2024-06-11 07:00:00,bloomberg
https://news.google.com/articles/CBMiamh0dHBzOi8vd3d3LmJsb29tYmVyZy5jb20vbmV3cy9hcnRpY2xlcy8yMDI0LTA2LTE4L2FtYXpvbi11bmlvbi1hbGxpZXMtd2l0aC10ZWFtc3RlcnMtaW4tYmlnLWxhYm9yLWFkdmFuY2XSAQA?hl=en-GB&gl=GB&ceid=GB%3Aen,Amazon Union Allies With Teamsters in Big Labor Advance,2024-06-18 07:32:18,bloomberg
https://news.google.com/articles/CBMiZWh0dHBzOi8vd3d3LmJsb29tYmVyZy5jb20vbmV3cy9hcnRpY2xlcy8yMDI0LTA2LTA1L2Rvdy1hdmVyYWdlLWdldHMtZXNnLWJvb3N0LXdpdGgtYWRkaXRpb24tb2YtYW1hem9u0gEA?hl=en-GB&gl=GB&ceid=GB%3Aen,Dow Average Gets ESG Boost With Addition of Amazon,2024-06-05 07:00:00,bloomberg
https://news.google.com/articles/CBMieGh0dHBzOi8vd3d3LmJsb29tYmVyZy5jb20vbmV3cy9hcnRpY2xlcy8yMDI0LTA2LTE4L2luLWRjLXNlYXR0bGUtYW5kLW5hc2h2aWxsZS1hbWF6b24tYWRkcy0xLTQtYmlsbGlvbi10by1ob3VzaW5nLXBsZWRnZdIBAA?hl=en-GB&gl=GB&ceid=GB%3Aen,"In DC, Seattle and Nashville, Amazon Adds $1.4 Billion to Housing Pledge",2024-06-18 16:40:16,bloomberg
https://news.google.com/articles/CBMicWh0dHBzOi8vb3JpZ2luLnd3dy5ibG9vbWJlcmcuY29tL25ld3MvYXJ0aWNsZXMvMjAyNC0wNi0xOC9hbWF6b24tdW5pb24tYWxsaWVzLXdpdGgtdGVhbXN0ZXJzLWluLWJpZy1sYWJvci1hZHZhbmNl0gEA?hl=en-GB&gl=GB&ceid=GB%3Aen,Amazon Union Allies With Teamsters in Big Labor Advance,2024-06-18 07:32:18,bloomberg
https://news.google.com/articles/CBMiZmh0dHBzOi8vd3d3LmJsb29tYmVyZy5jb20vbmV3cy9uZXdzbGV0dGVycy8yMDI0LTA2LTEyL2dydWJodWItYmV0cy1pdHMtZnV0dXJlLW9uLWFtYXpvbi1wcmltZS1zaG9wcGVyc9IBAA?hl=en-GB&gl=GB&ceid=GB%3Aen,Grubhub Bets Its Future on Amazon Prime Shoppers,2024-06-12 11:05:18,bloomberg
https://news.google.com/articles/CBMidmh0dHBzOi8vd3d3LmJsb29tYmVyZy5jb20vbmV3cy9uZXdzbGV0dGVycy8yMDI0LTA2LTA1L2FtYXpvbi1hcHByb3ZhbC1mcm9tLWZhYS1naXZlcy1hLWJvb3N0LXRvLWRyb25lLWRlbGl2ZXJ5LXByb2dyYW3SAQA?hl=en-GB&gl=GB&ceid=GB%3Aen,Amazon Approval From FAA Gives a Boost to Drone Delivery Program,2024-06-05 07:00:00,bloomberg
https://news.google.com/articles/CBMikQFodHRwczovL3d3dy5ibG9vbWJlcmcuY29tL25ld3MvYXJ0aWNsZXMvMjAyNC0wNi0yMS9zYW50YW5kZXItbmVhcnMtZXUtd2lkZS1kZWFsLXdpdGgtYW1hem9uLWZvci1jb25zdW1lci1maW5hbmNlLXBhcnRuZXJzaGlwP3NybmQ9aG9tZXBhZ2UtZXVyb3Bl0gEA?hl=en-GB&gl=GB&ceid=GB%3Aen,Santander Nears EU-Wide Deal With Amazon for Consumer Finance Partnership,2024-06-21 06:10:00,bloomberg
https://news.google.com/articles/CBMibmh0dHBzOi8vd3d3LmJsb29tYmVyZy5jb20vbmV3cy9hcnRpY2xlcy8yMDI0LTA2LTExL2FtYXpvbi1jb21taXRzLTEtNC1iaWxsaW9uLXRvLWJ1aWxkLTE0LTAwMC1hZmZvcmRhYmxlLWhvbWVz0gEA?hl=en-GB&gl=GB&ceid=GB%3Aen,Amazon Commits $1.4 Billion to Build 14000 Affordable Homes,2024-06-11 07:00:00,bloomberg
https://news.google.com/articles/CBMicmh0dHBzOi8vd3d3LmJsb29tYmVyZy5jb20vbmV3cy9uZXdzbGV0dGVycy8yMDI0LTA2LTA2L2FtYXpvbi1zLXpvb3gtaXMtYWxtb3N0LXJlYWR5LXRvLWxhdW5jaC1pdHMtcm9ib3RheGktc2VydmljZdIBAA?hl=en-GB&gl=GB&ceid=GB%3Aen,Amazon's Zoox Is Almost Ready to Launch Its Robotaxi Service,2024-06-06 07:00:00,bloomberg
https://news.google.com/articles/CBMibmh0dHBzOi8vd3d3LmJsb29tYmVyZy5jb20vbmV3cy9hcnRpY2xlcy8yMDI0LTA2LTE4L2FtYXpvbi1maW5lZC01LTktbWlsbGlvbi1vdmVyLXdhcmVob3VzZS1wcm9kdWN0aXZpdHktcXVvdGFz0gEA?hl=en-GB&gl=GB&ceid=GB%3Aen,Amazon Fined $5.9 Million Over Warehouse Productivity Quotas,2024-06-18 19:49:50,bloomberg
https://news.google.com/articles/CBMib2h0dHBzOi8vd3d3LmJsb29tYmVyZy5jb20vbmV3cy9hcnRpY2xlcy8yMDI0LTA2LTExL2FtYXpvbi1mbGV4LWRyaXZlcnMtYWxsZWdlLXRoZXktd2VyZS13cm9uZ2Z1bGx5LWRlbmllZC13YWdlc9IBAA?hl=en-GB&gl=GB&ceid=GB%3Aen,Amazon Flex Drivers Allege They Were Wrongfully Denied Wages,2024-06-11 07:00:00,bloomberg
https://news.google.com/articles/CBMicWh0dHBzOi8vd3d3LmJsb29tYmVyZy5jb20vbmV3cy9hcnRpY2xlcy8yMDI0LTA2LTA0L2FtYXpvbi1sYWJvci11bmlvbi1wcm9wb3Nlcy10ZWFtc3RlcnMtYWZmaWxpYXRpb24tcGVuZGluZy12b3Rl0gEA?hl=en-GB&gl=GB&ceid=GB%3Aen,"Amazon Labor Union Proposes Teamsters Affiliation, Pending Vote",2024-06-04 07:00:00,bloomberg
https://news.google.com/articles/CBMicmh0dHBzOi8vd3d3LmJsb29tYmVyZy5jb20vbmV3cy9hcnRpY2xlcy8yMDI0LTA1LTI5L2xpbGx5LWFtYXpvbi1wdW1wLWJpbGxpb25zLWludG8taW5kaWFuYS1zLWluZHVzdHJpYWwtcmVzdXJnZW5jZdIBAA?hl=en-GB&gl=GB&ceid=GB%3Aen,"Amazon (AMZN), Lilly (LLY) Fuel Record Capital Inflows into Indiana, US",2024-05-29 07:00:00,bloomberg
https://news.google.com/articles/CBMifmh0dHBzOi8vd3d3LmJsb29tYmVyZy5jb20vbmV3cy9hcnRpY2xlcy8yMDI0LTA1LTI5L2FtYXpvbi1zLXJpbmctaGFzLWRpdGNoZWQtY3JpbWUtZmlnaHRpbmctbWlzc2lvbi1mb3ItdGlrdG9rLW5leHRkb29yLW1hc2h1cNIBAA?hl=en-GB&gl=GB&ceid=GB%3Aen,Amazon's Ring Has Ditched Crime-Fighting Mission for TikTok-Nextdoor Mashup,2024-05-29 07:00:00,bloomberg
https://news.google.com/articles/CBMic2h0dHBzOi8vd3d3LmJsb29tYmVyZy5jb20vbmV3cy9uZXdzbGV0dGVycy8yMDI0LTA1LTI5L2hvdy1jbG9zZS1pcy1hbWF6b24tcy1rdWlwZXItc2VydmljZS10by1jb21tZXJjaWFsLW9wZXJhdGlvbnPSAQA?hl=en-GB&gl=GB&ceid=GB%3Aen,How Close is Amazon's Kuiper Service to Commercial Operations?,2024-05-29 07:00:00,bloomberg
https://news.google.com/articles/CBMihAFodHRwczovL3d3dy5ibG9vbWJlcmcuY29tL25ld3MvbmV3c2xldHRlcnMvMjAyNC0wNS0zMS9hbWF6b24tcy1vcmlnaW5hbC1yaXZhbHMtYW1lcmljYW4tYm9va3NlbGxlcnMtdHJ5LXRvLWpvaW4tZnRjLXMtYW50aXRydXN0LWNhc2XSAQA?hl=en-GB&gl=GB&ceid=GB%3Aen,"Amazon's Original Rivals, American Booksellers, Try to Join FTC's Antitrust Case",2024-05-31 07:00:00,bloomberg
https://news.google.com/articles/CBMicWh0dHBzOi8vd3d3LmJsb29tYmVyZy5jb20vbmV3cy9hcnRpY2xlcy8yMDI0LTA1LTI4L2FtYXpvbi1kZWdyYWRhdGlvbi1zb2Fycy13aXRoLWJyYXppbC1mYWNpbmctbGFib3Itc3BhdC1lbC1uaW5v0gEA?hl=en-GB&gl=GB&ceid=GB%3Aen,"Amazon Degradation Soars With Brazil Facing Labor Spat, El Nino",2024-05-28 07:00:00,bloomberg
https://news.google.com/articles/CBMicWh0dHBzOi8vd3d3LmJsb29tYmVyZy5jb20vbmV3cy9hcnRpY2xlcy8yMDI0LTA1LTMwL2FtYXpvbi1yYWlzZXMtc3Rha2UtaW4tZ3J1Ymh1Yi1lbWJlZHMtZm9vZC1kZWxpdmVyeS13aXRoaW4tYXBw0gEA?hl=en-GB&gl=GB&ceid=GB%3Aen,"Amazon Raises Stake in Grubhub, Embeds Food Delivery in App",2024-05-30 07:00:00,bloomberg
https://news.google.com/articles/CBMibGh0dHBzOi8vd3d3LmJsb29tYmVyZy5jb20vbmV3cy9hcnRpY2xlcy8yMDI0LTA1LTMxL2Jlem9zLXNlbGxzLWFtYXpvbi1zdG9jay10by1iYW5rcm9sbC1ub25wcm9maXQtcHJlc2Nob29sc9IBAA?hl=en-GB&gl=GB&ceid=GB%3Aen,Jeff Bezos Sells 1.1 Million Amazon (AMZN) Shares to Fund Day 1 Academies,2024-05-31 07:00:00,bloomberg
https://news.google.com/articles/CBMicmh0dHBzOi8vd3d3LmJsb29tYmVyZy5jb20vbmV3cy9hcnRpY2xlcy8yMDI0LTA1LTMwL2FtYXpvbi10by1leHBhbmQtdXMtZHJvbmUtc2VydmljZS1hZnRlci1nZXR0aW5nLXJlZ3VsYXRvci1zLW5vZNIBAA?hl=en-GB&gl=GB&ceid=GB%3Aen,Amazon Is Expanding US Drone Service After Regulator’s Nod,2024-05-30 07:00:00,bloomberg
https://news.google.com/articles/CBMicmh0dHBzOi8vd3d3LmJsb29tYmVyZy5jb20vbmV3cy9hcnRpY2xlcy8yMDI0LTA1LTMwL3JpY2hlc3QtYXNpYW4tcy1maW5hbmNpYWwtc2VydmljZXMtYXBwLXRvLXRha2Utb24tZ29vZ2xlLWFtYXpvbtIBAA?hl=en-GB&gl=GB&ceid=GB%3Aen,"Mukesh Ambani's JioFinance Super-App To Take on Google, Amazon - Bloomberg",2024-05-30 07:00:00,bloomberg
https://news.google.com/articles/CBMidGh0dHBzOi8vd3d3LmJsb29tYmVyZy5jb20vbmV3cy9hcnRpY2xlcy8yMDI0LTA1LTMwL2FtYXpvbi1zZWxsZXJzLWxvb2tpbmctZm9yLW5ldy1jdXN0b21lcnMtYXJlLWJ1eWluZy1hZHMtb24tZ29vZ2xl0gEA?hl=en-GB&gl=GB&ceid=GB%3Aen,"Amazon Sellers, Struggling to Boost Business, Are Buying Google Ads",2024-05-30 07:00:00,bloomberg
https://news.google.com/articles/CBMicmh0dHBzOi8vd3d3LmJsb29tYmVyZy5jb20vbmV3cy9hcnRpY2xlcy8yMDI0LTA1LTI5L2x1bGEtd2lsbC1oYXZlLWhhcmQtdGltZS1ob3N0aW5nLXVuLWNsaW1hdGUtZGVsZWdhdGVzLWluLWFtYXpvbtIBAA?hl=en-GB&gl=GB&ceid=GB%3Aen,Lula Will Have Hard Time Hosting UN Climate Delegates in Amazon,2024-05-29 07:00:00,bloomberg
https://news.google.com/articles/CBMiemh0dHBzOi8vd3d3LmJsb29tYmVyZy5jb20vbmV3cy9hcnRpY2xlcy8yMDI0LTAxLTMwL2FtYXpvbi1mZWRleC1hbmQtdXBzLXN0cnVnZ2xlLXRvLW1lZXQtY2xpbWF0ZS1nb2Fscy1hcy1kZWxpdmVyaWVzLXN1cmdl0gEA?hl=en-GB&gl=GB&ceid=GB%3Aen,"Amazon, FedEx and UPS Struggle to Meet Climate Goals As Deliveries Surge",2024-01-30 08:00:00,bloomberg
https://news.google.com/articles/CBMibWh0dHBzOi8vd3d3LmJsb29tYmVyZy5jb20vbmV3cy9hcnRpY2xlcy8yMDI0LTA0LTI2L2FtYXpvbi1kaXNuZXktYXJlLWNsb3NlLXRvLWNsaW5jaGluZy1uYmEtd25iYS1yaWdodHMtZGVhbHPSAQA?hl=en-GB&gl=GB&ceid=GB%3Aen,"Amazon, Disney Are Close to Clinching NBA, WNBA Rights Deals",2024-04-26 07:00:00,bloomberg
https://news.google.com/articles/CBMiXmh0dHBzOi8vd3d3LmJsb29tYmVyZy5jb20vY29tcGFueS9wcmVzcy9ibG9vbWJlcmctYnVzaW5lc3MtbmV3cy1zZXJ2aWNlLWFtYXpvbi1maXJlLXR2LWxhdW5jaC_SAQA?hl=en-GB&gl=GB&ceid=GB%3Aen,Bloomberg is Only Business News Service on Amazon Fire TV at Launch | Press,2019-08-30 13:46:22,bloomberg
https://news.google.com/articles/CBMicWh0dHBzOi8vd3d3LmJsb29tYmVyZy5jb20vbmV3cy9hcnRpY2xlcy8yMDI0LTAyLTE1L2Jlem9zLXVubG9hZHMtYW5vdGhlci0yLWJpbGxpb24tb2YtYW1hem9uLXN0b2NrLWluLWxhdGVzdC1zYWxl0gEA?hl=en-GB&gl=GB&ceid=GB%3Aen,Bezos Unloads Another $2 Billion of Amazon Stock in Latest Sale,2024-02-15 08:00:00,bloomberg
https://news.google.com/articles/CBMigQFodHRwczovL3d3dy5ibG9vbWJlcmcuY29tL29waW5pb24vYXJ0aWNsZXMvMjAyMy0wOS0yNi9mdGMtcy1saW5hLWtoYW4taXMtc3VpbmctYW1hem9uLXRvLXByb3RlY3QtY29uc3VtZXJzLWFuZC1yZXRhaWxlcnMtbG4wdnB0d2vSAQA?hl=en-GB&gl=GB&ceid=GB%3Aen,FTC’s Lina Khan Is Suing Amazon to Protect Consumers and Retailers,2023-09-26 07:00:00,bloomberg
https://news.google.com/articles/CBMigQFodHRwczovL3d3dy5ibG9vbWJlcmcuY29tL25ld3MvYXJ0aWNsZXMvMjAyNC0wNS0xMC9zcGFjZXgtYW1hem9uLXBhbGFudGlyLXNhdGVsbGl0ZXMtbWFrZS10aGUtcHJvYmxlbS1vZi1zcGFjZS1qdW5rLW1vcmUtcHJlc3NpbmfSAQA?hl=en-GB&gl=GB&ceid=GB%3Aen,"SpaceX, Amazon, Palantir Satellites Make the Problem of Space Junk More Pressing",2024-05-10 07:00:00,bloomberg
https://news.google.com/articles/CBMia2h0dHBzOi8vd3d3LmJsb29tYmVyZy5jb20vbmV3cy92aWRlb3MvMjAyMy0xMC0xMy9zcG9uc29yLXNwb3RsaWdodC1hbWF6b24tbXVzaWMtYnJlYWt0aHJvdWdoLWFydGlzdC1wcm9ncmFt0gEA?hl=en-GB&gl=GB&ceid=GB%3Aen,Sponsor Spotlight: Amazon Music Breakthrough Artist Program,2023-10-13 07:00:00,bloomberg
https://news.google.com/articles/CBMibmh0dHBzOi8vd3d3LmJsb29tYmVyZy5jb20vbmV3cy9hcnRpY2xlcy8yMDIzLTA4LTAyL2FtYXpvbi1nb29nbGUtd29vZWQtYnktaW5kaWEtZm9yLTc1MC1taWxsaW9uLWNyaWNrZXQtcmlnaHRz0gEA?hl=en-GB&gl=GB&ceid=GB%3Aen,"Amazon, Google Wooed by India for $750 Million Cricket Rights, Sources Say",2023-08-02 07:00:00,bloomberg
https://news.google.com/articles/CBMifGh0dHBzOi8vd3d3LmJsb29tYmVyZy5jb20vbmV3cy9uZXdzbGV0dGVycy8yMDIzLTEwLTI3L3N0b2NrLW1hcmtldHMtdG9kYXktcy1wLTUwMC1hbWF6b24taW50ZWwtc3lyaWEtaXNyYWVsLWdkcC10YXlsb3Itc3dpZnTSAQA?hl=en-GB&gl=GB&ceid=GB%3Aen,"Stock Markets Today: S&P 500, Amazon, Intel, Syria, Israel, GDP, Taylor Swift",2023-10-27 07:00:00,bloomberg
https://news.google.com/articles/CBMic2h0dHBzOi8vd3d3LmJsb29tYmVyZy5jb20vbmV3cy9hcnRpY2xlcy8yMDIzLTA5LTE1L2Rvdy1pbmR1c3RyaWFscy1wYXlpbmctcHJpY2UtZm9yLWxlYXZpbmctb3V0LWFtYXpvbi1hbmQtYWxwaGFiZXTSAQA?hl=en-GB&gl=GB&ceid=GB%3Aen,Dow Industrials Paying Price for Leaving Out Amazon and Alphabet,2023-09-15 07:00:00,bloomberg
https://news.google.com/articles/CBMiaGh0dHBzOi8vd3d3LmJsb29tYmVyZy5jb20vbmV3cy9hcnRpY2xlcy8yMDIzLTExLTI3L2FtYXpvbi1zLTEtNC1iaWxsaW9uLWlyb2JvdC1kZWFsLWdldHMtZXUtd2FybmluZy1zaG900gEA?hl=en-GB&gl=GB&ceid=GB%3Aen,Amazon’s (AMZN) $1.4 Billion iRobot (IRBT) Deal Gets Warning From EU,2023-11-27 08:00:00,bloomberg
https://news.google.com/articles/CBMiY2h0dHBzOi8vd3d3LmJsb29tYmVyZy5jb20vbmV3cy9uZXdzbGV0dGVycy8yMDI0LTAxLTA4L3dvcmxkLWVjb25vbXktbGF0ZXN0LWNoaW5hLXRoZS1hbWF6b24tZWNvbm9tedIBAA?hl=en-GB&gl=GB&ceid=GB%3Aen,"World Economy Latest: China, the ‘Amazon Economy’",2024-01-08 08:00:00,bloomberg
https://news.google.com/articles/CBMicmh0dHBzOi8vd3d3LmJsb29tYmVyZy5jb20vb3Bpbmlvbi9hcnRpY2xlcy8yMDI0LTA0LTExL2FtYXpvbi1jZW8tYW5keS1qYXNzeS1uZWVkcy1lbGVjdHJpYy10cnVja3Mtbm90LWRyb25lLXN3YXJtc9IBAA?hl=en-GB&gl=GB&ceid=GB%3Aen,"Amazon CEO Andy Jassy Needs Electric Trucks, Not Drone Swarms",2024-04-11 07:00:00,bloomberg
https://news.google.com/articles/CBMifmh0dHBzOi8vd3d3LmJsb29tYmVyZy5jb20vbmV3cy9hcnRpY2xlcy8yMDIzLTA5LTE2L3Rpa3Rvay1wbGFucy1zdGVlcC1ob2xpZGF5LWRpc2NvdW50cy1icmluZ2luZy1wcmljZS13YXItd2l0aC1hbWF6b24td2FsbWFydNIBAA?hl=en-GB&gl=GB&ceid=GB%3Aen,"TikTok Plans Steep Holiday Discounts, Bringing Amazon Price War",2023-09-15 07:00:00,bloomberg
https://news.google.com/articles/CBMiP2h0dHBzOi8vd3d3LmZ0LmNvbS9jb250ZW50L2FmYWYwZDcyLTYwMDMtNDg0YS1hNjJiLTYwM2U4NWRiYjRmNtIBAA?hl=en-GB&gl=GB&ceid=GB%3Aen,Amazon's workers at UK warehouse to vote on union representation,2024-06-19 13:58:04,ft
https://news.google.com/articles/CBMiZ2h0dHBzOi8vbWFya2V0cy5mdC5jb20vZGF0YS9hbm5vdW5jZS9kZXRhaWw_ZG9ja2V5PTYwMC0yMDI0MDYxNDA5MzBCSVpXSVJFX1VTUFJYX19fXzIwMjQwNjE0X0JXMjQ3NzQwLTHSAQA?hl=en-GB&gl=GB&ceid=GB%3Aen,James by Percival Everett is the Amazon Best Book of 2024 So Far – Company Announcement - FT.com,2024-06-14 13:30:00,ft
https://news.google.com/articles/CBMiP2h0dHBzOi8vd3d3LmZ0LmNvbS9jb250ZW50L2YyODM3N2ExLTQzMmItNGYyOS04NTQ0LWU1ZWM3YWMxY2FiOdIBAA?hl=en-GB&gl=GB&ceid=GB%3Aen,"Amazon breached UK's Russia sanctions, claims ex-employee at tribunal",2024-06-07 07:00:00,ft
https://news.google.com/articles/CBMiZ2h0dHBzOi8vbWFya2V0cy5mdC5jb20vZGF0YS9hbm5vdW5jZS9kZXRhaWw_ZG9ja2V5PTYwMC0yMDI0MDYyMDA5MDBCSVpXSVJFX1VTUFJYX19fXzIwMjQwNjIwX0JXNzcyMzczLTHSAQA?hl=en-GB&gl=GB&ceid=GB%3Aen,Amazon Business Introduces New Technologies to Save Time and Reduce Costs for Business Customers – Company ...,2024-06-20 13:00:00,ft
https://news.google.com/articles/CBMiP2h0dHBzOi8vd3d3LmZ0LmNvbS9jb250ZW50LzQ4ODM4MmI4LTBhMTktNGI1YS1hYTE2LTJjZjFlNTg2OWIxY9IBAA?hl=en-GB&gl=GB&ceid=GB%3Aen,The Lex Newsletter: TikTok wants to be Amazon for Gen Z,2023-09-20 07:00:00,ft
https://news.google.com/articles/CBMiP2h0dHBzOi8vd3d3LmZ0LmNvbS9jb250ZW50LzE2ZjU2YjMwLTNkYmItNDE4Yi1iOGY5LTFjMGI1ZjM5OGE4ZdIBAA?hl=en-GB&gl=GB&ceid=GB%3Aen,FTC versus Amazon,2023-10-10 07:00:00,ft
https://news.google.com/articles/CBMiP2h0dHBzOi8vd3d3LmZ0LmNvbS9jb250ZW50LzEwN2E2Nzk0LTYyOTUtNDRiNy05NmE3LTE4YmYxMzNjZjI5N9IBAA?hl=en-GB&gl=GB&ceid=GB%3Aen,Ofcom calls for UK antitrust probe into Microsoft and Amazon's cloud dominance,2023-10-05 07:00:00,ft
https://news.google.com/articles/CBMiP2h0dHBzOi8vd3d3LmZ0LmNvbS9jb250ZW50LzM0NGNmYzU4LTI4NTUtNGQ2Mi05OTBmLTMxZGYxNDYyMjU1YdIBAA?hl=en-GB&gl=GB&ceid=GB%3Aen,"Amazon's purchase of iRobot could restrict competition, EU regulator warns",2023-11-27 08:00:00,ft
https://news.google.com/articles/CBMiP2h0dHBzOi8vd3d3LmZ0LmNvbS9jb250ZW50LzU0MDg3NzA1LTE1MjctNGM1Yi04NzZhLTNhNGFhZDM3MmUxMtIBAA?hl=en-GB&gl=GB&ceid=GB%3Aen,The Amazon play that could change the game for streaming sports,2024-03-22 07:00:00,ft
https://news.google.com/articles/CBMiP2h0dHBzOi8vd3d3LmZ0LmNvbS9jb250ZW50LzU3ZmMwNjQxLWRjYjEtNDNhMy1hNDBkLThhOWFjOGJmYWJhMtIBAA?hl=en-GB&gl=GB&ceid=GB%3Aen,The Lex Newsletter: Amazon is a $2tn stock,2024-04-12 07:00:00,ft
https://news.google.com/articles/CBMiP2h0dHBzOi8vd3d3LmZ0LmNvbS9jb250ZW50Lzc5NzliMWEzLWRlZDItNGYyNy1hNTYzLTEwMTkyMGJkYjM3OdIBAA?hl=en-GB&gl=GB&ceid=GB%3Aen,Amazon strikes ad data deal with Reach as Google kills off cookies,2024-02-05 08:00:00,ft
https://news.google.com/articles/CBMiP2h0dHBzOi8vd3d3LmZ0LmNvbS9jb250ZW50Lzk5OTQzY2UzLTk2YmEtNGFjYi1hYTAyLTUwYjJlZTM1MmE0N9IBAA?hl=en-GB&gl=GB&ceid=GB%3Aen,The Horror of Dolores Roach review — Amazon's cannibal comedy is both killer and filler,2023-07-05 07:00:00,ft
https://news.google.com/articles/CBMiP2h0dHBzOi8vd3d3LmZ0LmNvbS9jb250ZW50LzNiZTIxMDBmLTNlYTUtNDJhMi05NTIzLTMzZTA1OTUzNzA1Y9IBAA?hl=en-GB&gl=GB&ceid=GB%3Aen,Amazon drought sparks fears of climate tipping points,2023-11-05 07:00:00,ft
https://news.google.com/articles/CBMiP2h0dHBzOi8vd3d3LmZ0LmNvbS9jb250ZW50Lzc0ZDcwM2Y4LWQwYmItNGM5My1iZGJmLWJjMDI5YTNhYjhlNtIBAA?hl=en-GB&gl=GB&ceid=GB%3Aen,Amazon water levels hit record lows as drought worsens in rainforest,2023-10-20 07:00:00,ft
https://news.google.com/articles/CBMiP2h0dHBzOi8vd3d3LmZ0LmNvbS9jb250ZW50LzMzZWYwYjBlLWYzNjEtNDJjMi04MTE1LTc1OWNkMGFmNmFlM9IBAA?hl=en-GB&gl=GB&ceid=GB%3Aen,Amazon cannot decide what it wants to do with its shops,2024-04-08 07:00:00,ft
https://news.google.com/articles/CBMiP2h0dHBzOi8vd3d3LmZ0LmNvbS9jb250ZW50L2RjNjU4MjUyLTZhY2QtNDRmYy04ZTBjLTUxYTI4NDAwOTc2MtIBAA?hl=en-GB&gl=GB&ceid=GB%3Aen,'We're not Amazon': tensions with Ukraine surface at Nato summit,2023-07-12 07:00:00,ft
https://news.google.com/articles/CBMiP2h0dHBzOi8vd3d3LmZ0LmNvbS9jb250ZW50L2E3ZGU4NzI5LTJjMGQtNGIwNS04Y2JmLWIyYmYyZTczMTUwMtIBAA?hl=en-GB&gl=GB&ceid=GB%3Aen,Amazon reports robust sales while cloud growth remains steady,2023-10-26 07:00:00,ft
https://news.google.com/articles/CBMiP2h0dHBzOi8vd3d3LmZ0LmNvbS9jb250ZW50LzdmMDU4YjZmLTNhMmItNGFlYi1iNzdiLWRjNjgxMDJlYmQ3N9IBAA?hl=en-GB&gl=GB&ceid=GB%3Aen,Amazon tracks and targets US staff over failure to work 3 days in office,2023-08-10 07:00:00,ft
https://news.google.com/articles/CBMiP2h0dHBzOi8vd3d3LmZ0LmNvbS9jb250ZW50LzYzY2RjNDkyLTgzNWUtNDdkNi1hNThlLWY3MTFlNzM3Njg5YtIBAA?hl=en-GB&gl=GB&ceid=GB%3Aen,Amazon wins in tax battle with European Commission,2023-12-14 08:00:00,ft
https://news.google.com/articles/CBMiP2h0dHBzOi8vd3d3LmZ0LmNvbS9jb250ZW50LzZjMGY5MmFkLTVhMTEtNGU4ZC1hYTdhLTk2M2RjMWU5NzNhY9IBAA?hl=en-GB&gl=GB&ceid=GB%3Aen,Games Workshop: orc ward squad fears Amazon hammering,2023-12-18 08:00:00,ft
https://news.google.com/articles/CBMiP2h0dHBzOi8vd3d3LmZ0LmNvbS9jb250ZW50L2Q4Y2E1Y2Y4LWNlOWYtNDI0YS1iMjVlLWQxMTIzOTZhNWNmZdIBAA?hl=en-GB&gl=GB&ceid=GB%3Aen,Amazon & the FTC,2023-09-26 07:00:00,ft
https://news.google.com/articles/CBMiP2h0dHBzOi8vd3d3LmZ0LmNvbS9jb250ZW50L2E0YTUwMGU5LTIxYTYtNDVmOS1hYWYwLTM5NTA5ZjU1NTA1NNIBAA?hl=en-GB&gl=GB&ceid=GB%3Aen,Games Workshop seals deal with Amazon to bring Warhammer to screens,2023-12-18 08:00:00,ft
https://news.google.com/articles/CBMiP2h0dHBzOi8vd3d3LmZ0LmNvbS9jb250ZW50LzhmNmM4MWViLWYzNWYtNDkxMy1iMjc4LWZiNDMyNjNiZjM4M9IBAA?hl=en-GB&gl=GB&ceid=GB%3Aen,Geography class: Amazon river at lowest in 121 years,2023-10-22 07:00:00,ft
https://news.google.com/articles/CBMiP2h0dHBzOi8vd3d3LmZ0LmNvbS9jb250ZW50L2JkZWY2MDE5LWUyYmQtNDQ4MC04MDIxLWFjYWRlNWI0Mzc0ONIBAA?hl=en-GB&gl=GB&ceid=GB%3Aen,Amazon threatened with legal action over sales of 'unapproved' drugs,2023-08-29 07:00:00,ft
https://news.google.com/articles/CBMiP2h0dHBzOi8vd3d3LmZ0LmNvbS9jb250ZW50L2RlNWZlYTEyLTI5MzgtNGMyMC1iMzk0LTEwY2EyNThhNWZhMdIBAA?hl=en-GB&gl=GB&ceid=GB%3Aen,He blew the whistle on Amazon. He's still paying the price,2023-12-06 08:00:00,ft
https://news.google.com/articles/CBMiP2h0dHBzOi8vd3d3LmZ0LmNvbS9jb250ZW50LzA1OTdhODM0LWMxMDEtNGQwMS04OTNkLTg3YzJlY2ExMjJjOdIBAA?hl=en-GB&gl=GB&ceid=GB%3Aen,UK regulator examines Microsoft and Amazon's AI dealmaking,2024-04-24 07:00:00,ft
https://news.google.com/articles/CBMiP2h0dHBzOi8vd3d3LmZ0LmNvbS9jb250ZW50L2I4NmZlNzkyLWM2ZjEtNDMwMS04OGU0LWFlZTk1Mjc2NWI4YtIBAA?hl=en-GB&gl=GB&ceid=GB%3Aen,Amazon/AI: tech arms race continues with Anthropic investment,2023-09-25 07:00:00,ft
https://news.google.com/articles/CBMiP2h0dHBzOi8vd3d3LmZ0LmNvbS9jb250ZW50L2E2NTFiMzFlLTlhNzQtNDE4NC1hNGQ4LWU4NTgwZTJlMDY5ZtIBAA?hl=en-GB&gl=GB&ceid=GB%3Aen,Amazon offers concessions over third-party sales to appease UK antitrust watchdog,2023-07-26 07:00:00,ft
https://news.google.com/articles/CBMiP2h0dHBzOi8vd3d3LmZ0LmNvbS9jb250ZW50LzY0ZjAxYmZlLTM5YjktNDlmNi04NmViLWJlOTYzNzQ1MzljZtIBAA?hl=en-GB&gl=GB&ceid=GB%3Aen,Amazon crackdown on sellers spawns new legal industry,2024-01-02 08:00:00,ft
